Alejandra.Peg@yopmail.com,Alejandra,Peg,F,1975-01-16,+3303586836,1 rue de la Paix,18597
Rosanne.Gamaliel@yopmail.com,Rosanne,Gamaliel,F,1976-08-24,+3305117314,1 rue de la Paix,37492
Eolanda.Cornelia@yopmail.com,Eolanda,Cornelia,M,1927-02-15,+3300565615,1 rue de la Paix,62087
Katharina.Tacye@yopmail.com,Katharina,Tacye,F,1990-05-15,+3364547731,1 rue de la Paix,60682
Roxane.Rurik@yopmail.com,Roxane,Rurik,F,1974-06-13,+3333469683,1 rue de la Paix,95125
Jenda.Jobi@yopmail.com,Jenda,Jobi,M,1911-12-22,+3343976221,1 rue de la Paix,64778
Dione.Wind@yopmail.com,Dione,Wind,NONE,1991-02-13,+3384666470,1 rue de la Paix,105292
Stephanie.Kunin@yopmail.com,Stephanie,Kunin,F,1950-08-24,+3312275491,1 rue de la Paix,67654
Rhea.Robertson@yopmail.com,Rhea,Robertson,NB,1963-07-22,+3353804190,1 rue de la Paix,5084
Gerrie.Thar@yopmail.com,Gerrie,Thar,NONE,1967-11-10,+3313927578,1 rue de la Paix,22208
Carmela.Parsaye@yopmail.com,Carmela,Parsaye,F,1940-01-04,+3334685283,1 rue de la Paix,43973
Maye.Denis@yopmail.com,Maye,Denis,M,1977-06-02,+3375223053,1 rue de la Paix,21192
Desirae.Bakerman@yopmail.com,Desirae,Bakerman,NONE,1935-05-03,+3329472986,1 rue de la Paix,43085
Gianina.Edee@yopmail.com,Gianina,Edee,NB,1928-08-15,+3350455117,1 rue de la Paix,14581
Elmira.Hachmin@yopmail.com,Elmira,Hachmin,M,1977-12-08,+3304588078,1 rue de la Paix,41570
Camile.Deny@yopmail.com,Camile,Deny,F,1968-08-19,+3303457134,1 rue de la Paix,6582
Sidoney.Emmaline@yopmail.com,Sidoney,Emmaline,M,1999-04-02,+3308677294,1 rue de la Paix,74335
Marcelline.Anis@yopmail.com,Marcelline,Anis,NB,1986-06-21,+3399844127,1 rue de la Paix,80201
Mady.Sherrie@yopmail.com,Mady,Sherrie,F,1994-12-01,+3396521186,1 rue de la Paix,105389
Bee.Yerkovich@yopmail.com,Bee,Yerkovich,NONE,1918-01-20,+3303339936,1 rue de la Paix,59478
Gerianna.Orlene@yopmail.com,Gerianna,Orlene,NONE,1962-03-19,+3369440051,1 rue de la Paix,34440
Wendi.Muriel@yopmail.com,Wendi,Muriel,M,1999-08-07,+3321655196,1 rue de la Paix,81034
Carlie.Bouchard@yopmail.com,Carlie,Bouchard,M,1982-12-24,+3379294419,1 rue de la Paix,19586
Glenda.Ietta@yopmail.com,Glenda,Ietta,NB,1910-01-26,+3337869595,1 rue de la Paix,98611
Frances.Rurik@yopmail.com,Frances,Rurik,NB,2000-05-20,+3358169744,1 rue de la Paix,22807
Amii.Craggie@yopmail.com,Amii,Craggie,F,1960-04-03,+3393707870,1 rue de la Paix,68290
Nananne.Mott@yopmail.com,Nananne,Mott,F,1959-10-27,+3354260296,1 rue de la Paix,100740
Kelly.Tryck@yopmail.com,Kelly,Tryck,NB,1927-10-25,+3301500743,1 rue de la Paix,7326
Lilith.Arathorn@yopmail.com,Lilith,Arathorn,NB,1944-11-24,+3350649909,1 rue de la Paix,59887
Ericka.Afton@yopmail.com,Ericka,Afton,NB,1936-02-06,+3383255165,1 rue de la Paix,66624
Maye.Magnolia@yopmail.com,Maye,Magnolia,F,1911-08-23,+3312469250,1 rue de la Paix,78225
Justinn.Sharl@yopmail.com,Justinn,Sharl,F,1995-07-11,+3330169316,1 rue de la Paix,64957
Petronia.Ochs@yopmail.com,Petronia,Ochs,M,1916-03-26,+3307923587,1 rue de la Paix,71114
Claudina.Lalitta@yopmail.com,Claudina,Lalitta,NONE,2004-01-06,+3370794309,1 rue de la Paix,90901
Katleen.Goerke@yopmail.com,Katleen,Goerke,NB,1952-06-20,+3330937652,1 rue de la Paix,79793
Isa.Argus@yopmail.com,Isa,Argus,F,1969-07-03,+3397594398,1 rue de la Paix,53665
Elyssa.Arley@yopmail.com,Elyssa,Arley,NB,1921-10-22,+3377533119,1 rue de la Paix,58224
Patricia.Chinua@yopmail.com,Patricia,Chinua,M,1962-01-05,+3318154775,1 rue de la Paix,105351
Giustina.Abbot@yopmail.com,Giustina,Abbot,M,1995-07-01,+3353286586,1 rue de la Paix,10007
Abbie.Sundin@yopmail.com,Abbie,Sundin,M,1910-10-10,+3338687681,1 rue de la Paix,66582
Julieta.Tamar@yopmail.com,Julieta,Tamar,NB,1955-05-20,+3352314505,1 rue de la Paix,45395
Marjie.Timon@yopmail.com,Marjie,Timon,NB,1927-04-12,+3335311558,1 rue de la Paix,19151
Jasmina.Hessler@yopmail.com,Jasmina,Hessler,NB,1997-05-28,+3381916798,1 rue de la Paix,19252
Arlina.Roscoe@yopmail.com,Arlina,Roscoe,M,1930-10-24,+3342489654,1 rue de la Paix,73771
Gabi.Rocray@yopmail.com,Gabi,Rocray,NONE,1936-10-29,+3308453544,1 rue de la Paix,37284
Valeda.Mitzi@yopmail.com,Valeda,Mitzi,NONE,1986-07-16,+3349008323,1 rue de la Paix,51865
Gertrud.Amasa@yopmail.com,Gertrud,Amasa,NONE,1995-11-08,+3350112490,1 rue de la Paix,49432
Therine.Wareing@yopmail.com,Therine,Wareing,M,2003-10-18,+3317749342,1 rue de la Paix,91802
Cam.Autrey@yopmail.com,Cam,Autrey,M,1972-08-23,+3360153123,1 rue de la Paix,19565
Allis.Thema@yopmail.com,Allis,Thema,M,1992-01-25,+3392730628,1 rue de la Paix,61193
Mara.Sheng@yopmail.com,Mara,Sheng,NB,1924-10-15,+3388021719,1 rue de la Paix,84942
Minne.Mullane@yopmail.com,Minne,Mullane,F,2001-07-15,+3388645703,1 rue de la Paix,12336
Hyacinthe.Kinnard@yopmail.com,Hyacinthe,Kinnard,M,2004-02-19,+3393715607,1 rue de la Paix,72527
Giustina.Hortensia@yopmail.com,Giustina,Hortensia,NONE,1924-07-02,+3393389322,1 rue de la Paix,28982
Wynne.Flita@yopmail.com,Wynne,Flita,F,1971-12-10,+3354443129,1 rue de la Paix,77798
Catharine.Brian@yopmail.com,Catharine,Brian,NB,2001-04-30,+3352940410,1 rue de la Paix,34665
Rani.Rozanna@yopmail.com,Rani,Rozanna,NONE,1986-03-06,+3356431425,1 rue de la Paix,33462
Kassey.McCutcheon@yopmail.com,Kassey,McCutcheon,F,2003-07-31,+3372158468,1 rue de la Paix,49522
Debee.Grimbly@yopmail.com,Debee,Grimbly,F,1967-02-05,+3347506024,1 rue de la Paix,74774
Sharai.Catie@yopmail.com,Sharai,Catie,NONE,1975-11-14,+3372942946,1 rue de la Paix,31112
Ekaterina.Eugenia@yopmail.com,Ekaterina,Eugenia,F,1918-05-10,+3374239757,1 rue de la Paix,53731
Calla.Reinke@yopmail.com,Calla,Reinke,NB,2003-01-22,+3351285960,1 rue de la Paix,105489
Emylee.Camden@yopmail.com,Emylee,Camden,F,1952-12-13,+3309589492,1 rue de la Paix,82543
Nollie.Muriel@yopmail.com,Nollie,Muriel,NB,1918-04-16,+3303470716,1 rue de la Paix,83276
Sallie.LaRue@yopmail.com,Sallie,LaRue,NB,1948-08-10,+3323074930,1 rue de la Paix,55760
Mureil.Noam@yopmail.com,Mureil,Noam,M,1936-02-07,+3345822500,1 rue de la Paix,84737
Maryellen.Tayib@yopmail.com,Maryellen,Tayib,M,1921-03-26,+3313830272,1 rue de la Paix,14149
Dorene.Bennie@yopmail.com,Dorene,Bennie,NONE,1997-04-28,+3367960597,1 rue de la Paix,101973
Doralynne.Donoghue@yopmail.com,Doralynne,Donoghue,F,1923-10-09,+3398229902,1 rue de la Paix,32553
Jenilee.Zina@yopmail.com,Jenilee,Zina,NB,1924-12-27,+3301099682,1 rue de la Paix,44691
Linzy.Hewitt@yopmail.com,Linzy,Hewitt,F,1964-11-08,+3392379682,1 rue de la Paix,25712
Zia.Chapland@yopmail.com,Zia,Chapland,NONE,1978-02-09,+3392196144,1 rue de la Paix,99609
Danny.Wittie@yopmail.com,Danny,Wittie,NB,1948-12-19,+3395216386,1 rue de la Paix,35837
Mildrid.Teddman@yopmail.com,Mildrid,Teddman,F,1959-01-28,+3382176255,1 rue de la Paix,80130
Ariela.Romelda@yopmail.com,Ariela,Romelda,NONE,1962-11-06,+3377290189,1 rue de la Paix,44011
Lonnie.Thema@yopmail.com,Lonnie,Thema,M,1944-12-12,+3317380885,1 rue de la Paix,86845
Orelia.MacIntosh@yopmail.com,Orelia,MacIntosh,F,1924-09-28,+3394180441,1 rue de la Paix,29634
Ida.Bertold@yopmail.com,Ida,Bertold,NONE,1970-09-03,+3309033342,1 rue de la Paix,75113
Aurore.Gusella@yopmail.com,Aurore,Gusella,F,1976-02-19,+3341725614,1 rue de la Paix,34448
Dawn.Martsen@yopmail.com,Dawn,Martsen,NB,1939-04-19,+3347751640,1 rue de la Paix,98843
Kenna.Himelman@yopmail.com,Kenna,Himelman,F,1964-08-29,+3315033390,1 rue de la Paix,91279
Hope.Payson@yopmail.com,Hope,Payson,F,1925-02-04,+3321986882,1 rue de la Paix,51085
Mariann.Meli@yopmail.com,Mariann,Meli,NONE,1990-12-08,+3365271983,1 rue de la Paix,80368
Kara-Lynn.Nikaniki@yopmail.com,Kara-Lynn,Nikaniki,F,1960-06-26,+3386453051,1 rue de la Paix,79295
Britte.Ackerley@yopmail.com,Britte,Ackerley,M,1945-06-24,+3310539254,1 rue de la Paix,19540
Meriel.Ferino@yopmail.com,Meriel,Ferino,M,1945-02-16,+3379914169,1 rue de la Paix,89000
Anallese.Baylor@yopmail.com,Anallese,Baylor,NB,1967-02-10,+3323197079,1 rue de la Paix,88858
Halette.Lanita@yopmail.com,Halette,Lanita,NONE,1997-04-24,+3302494763,1 rue de la Paix,35622
Lisette.Fiester@yopmail.com,Lisette,Fiester,NONE,1983-02-21,+3315663603,1 rue de la Paix,44400
Elie.Kelula@yopmail.com,Elie,Kelula,NONE,1995-06-04,+3387748986,1 rue de la Paix,16694
Valli.Saree@yopmail.com,Valli,Saree,NB,1956-02-07,+3337123560,1 rue de la Paix,78647
Babita.Ciapas@yopmail.com,Babita,Ciapas,F,1913-03-15,+3375996361,1 rue de la Paix,20079
Tamqrah.Junie@yopmail.com,Tamqrah,Junie,NONE,1934-08-07,+3393806985,1 rue de la Paix,103176
Chloris.Gilbertson@yopmail.com,Chloris,Gilbertson,NB,1993-03-06,+3336824796,1 rue de la Paix,24967
Peri.Arquit@yopmail.com,Peri,Arquit,NONE,1965-04-24,+3344745474,1 rue de la Paix,87607
Linet.Vivle@yopmail.com,Linet,Vivle,NONE,1956-05-19,+3334492855,1 rue de la Paix,68936
Kara-Lynn.Jalbert@yopmail.com,Kara-Lynn,Jalbert,NB,1982-11-19,+3331625906,1 rue de la Paix,31031
Jerry.Caitlin@yopmail.com,Jerry,Caitlin,NB,1940-06-14,+3390500977,1 rue de la Paix,10506
Kate.Aida@yopmail.com,Kate,Aida,F,1961-11-04,+3311757023,1 rue de la Paix,80625
Vinita.Amasa@yopmail.com,Vinita,Amasa,M,1951-01-06,+3304489387,1 rue de la Paix,65111
Genevra.Iiette@yopmail.com,Genevra,Iiette,NONE,1918-10-03,+3306761739,1 rue de la Paix,32776
Wileen.Hepsibah@yopmail.com,Wileen,Hepsibah,F,1946-08-06,+3352065446,1 rue de la Paix,7001
Rivalee.Larochelle@yopmail.com,Rivalee,Larochelle,M,2003-08-05,+3359754293,1 rue de la Paix,48489
Farrah.Bobbee@yopmail.com,Farrah,Bobbee,F,1940-06-01,+3370044108,1 rue de la Paix,16038
Elmira.Leifeste@yopmail.com,Elmira,Leifeste,F,1989-05-24,+3397313603,1 rue de la Paix,12565
Audrie.Vary@yopmail.com,Audrie,Vary,F,1932-12-24,+3356622516,1 rue de la Paix,58124
Renae.Sherrie@yopmail.com,Renae,Sherrie,NONE,1950-04-30,+3307987480,1 rue de la Paix,93039
Tracey.Emerson@yopmail.com,Tracey,Emerson,NONE,1974-12-31,+3340720061,1 rue de la Paix,34479
Miquela.Destinee@yopmail.com,Miquela,Destinee,M,1982-12-28,+3308576266,1 rue de la Paix,58220
Noelle.Peti@yopmail.com,Noelle,Peti,F,1937-06-01,+3397435512,1 rue de la Paix,13232
Aimil.Hertzfeld@yopmail.com,Aimil,Hertzfeld,NONE,1983-07-25,+3372746198,1 rue de la Paix,62694
Viki.Lail@yopmail.com,Viki,Lail,M,1972-09-08,+3336425642,1 rue de la Paix,53561
Max.Aloise@yopmail.com,Max,Aloise,F,1964-10-21,+3380850828,1 rue de la Paix,35950
Trudie.Abbot@yopmail.com,Trudie,Abbot,M,1969-08-20,+3311962254,1 rue de la Paix,74420
Agathe.Hessler@yopmail.com,Agathe,Hessler,F,1946-04-25,+3308179176,1 rue de la Paix,73948
Imojean.Bluh@yopmail.com,Imojean,Bluh,NONE,1955-12-26,+3329985421,1 rue de la Paix,96787
Chloris.Dahlia@yopmail.com,Chloris,Dahlia,M,1998-06-13,+3302471425,1 rue de la Paix,9593
Julieta.Hieronymus@yopmail.com,Julieta,Hieronymus,M,1963-12-11,+3385373101,1 rue de la Paix,86188
Ottilie.Hartnett@yopmail.com,Ottilie,Hartnett,F,1972-05-31,+3333605965,1 rue de la Paix,25637
Tabbatha.Rosalba@yopmail.com,Tabbatha,Rosalba,NB,1959-05-23,+3381651402,1 rue de la Paix,11865
Sherrie.Leifeste@yopmail.com,Sherrie,Leifeste,NONE,1933-05-30,+3366288103,1 rue de la Paix,43538
Britte.Even@yopmail.com,Britte,Even,F,1911-01-27,+3382165128,1 rue de la Paix,56415
Kimberley.Ellerey@yopmail.com,Kimberley,Ellerey,NONE,1934-12-17,+3330062392,1 rue de la Paix,22322
Jere.Oscar@yopmail.com,Jere,Oscar,F,1965-07-13,+3370556926,1 rue de la Paix,65981
Maridel.Halla@yopmail.com,Maridel,Halla,NONE,1967-09-17,+3372832113,1 rue de la Paix,46111
Jennica.Havens@yopmail.com,Jennica,Havens,NONE,1968-02-29,+3339618043,1 rue de la Paix,83802
Tarra.Brandice@yopmail.com,Tarra,Brandice,F,1912-05-22,+3386502160,1 rue de la Paix,61821
Cyb.Corrine@yopmail.com,Cyb,Corrine,NB,1994-09-24,+3300175599,1 rue de la Paix,3000
Feliza.Karl@yopmail.com,Feliza,Karl,NB,1977-06-27,+3332743131,1 rue de la Paix,9301
Lorie.Gaulin@yopmail.com,Lorie,Gaulin,NONE,1953-11-30,+3368191795,1 rue de la Paix,36498
Stevana.Socha@yopmail.com,Stevana,Socha,M,1974-06-17,+3315464105,1 rue de la Paix,77879
Courtnay.Sothena@yopmail.com,Courtnay,Sothena,F,1929-12-25,+3371809373,1 rue de la Paix,84792
Willetta.Swigart@yopmail.com,Willetta,Swigart,F,1920-09-29,+3322975481,1 rue de la Paix,14579
Lilith.Melony@yopmail.com,Lilith,Melony,M,1946-07-23,+3393942477,1 rue de la Paix,93763
Susette.Sundin@yopmail.com,Susette,Sundin,F,1949-03-30,+3358964619,1 rue de la Paix,90931
Jackie.Dominy@yopmail.com,Jackie,Dominy,NONE,1981-08-11,+3393825861,1 rue de la Paix,74130
Marnia.Bettine@yopmail.com,Marnia,Bettine,F,1915-01-21,+3324920248,1 rue de la Paix,12693
Lucille.Faria@yopmail.com,Lucille,Faria,NB,1974-07-24,+3377826784,1 rue de la Paix,84842
Gwyneth.Linskey@yopmail.com,Gwyneth,Linskey,F,1940-10-30,+3328336956,1 rue de la Paix,76452
Cindelyn.Alisia@yopmail.com,Cindelyn,Alisia,M,1922-03-17,+3339922402,1 rue de la Paix,58151
Bertine.Tybald@yopmail.com,Bertine,Tybald,NB,1947-06-14,+3371384325,1 rue de la Paix,21138
Wendi.Horan@yopmail.com,Wendi,Horan,NB,1970-10-08,+3394295742,1 rue de la Paix,7571
Randa.Pelagias@yopmail.com,Randa,Pelagias,M,1937-01-15,+3355912584,1 rue de la Paix,10750
Gretal.Lymann@yopmail.com,Gretal,Lymann,NONE,1989-04-08,+3335665263,1 rue de la Paix,83843
Caressa.Toffic@yopmail.com,Caressa,Toffic,NB,1994-07-16,+3374427974,1 rue de la Paix,83993
Candi.Lytton@yopmail.com,Candi,Lytton,F,1926-08-10,+3359717933,1 rue de la Paix,94395
Helena.Janith@yopmail.com,Helena,Janith,F,1948-11-29,+3333077851,1 rue de la Paix,105340
Roslyn.Selway@yopmail.com,Roslyn,Selway,M,1929-03-04,+3333905032,1 rue de la Paix,74821
Magdalena.Beniamino@yopmail.com,Magdalena,Beniamino,M,1988-10-23,+3309262659,1 rue de la Paix,8819
Corene.Corilla@yopmail.com,Corene,Corilla,NONE,1967-01-04,+3388380518,1 rue de la Paix,13690
Rubie.Caitlin@yopmail.com,Rubie,Caitlin,M,1934-04-03,+3329653525,1 rue de la Paix,60491
Tina.Strephon@yopmail.com,Tina,Strephon,NB,1974-10-20,+3366598120,1 rue de la Paix,45916
Maryellen.Han@yopmail.com,Maryellen,Han,M,1913-03-28,+3305349998,1 rue de la Paix,92362
Oona.Bach@yopmail.com,Oona,Bach,M,1922-12-03,+3332767353,1 rue de la Paix,87590
Petronia.Eckblad@yopmail.com,Petronia,Eckblad,M,1928-12-16,+3349058765,1 rue de la Paix,37780
Mildrid.Old@yopmail.com,Mildrid,Old,NB,1942-05-12,+3395381719,1 rue de la Paix,97761
Gabriellia.Rosemary@yopmail.com,Gabriellia,Rosemary,F,1962-06-01,+3376533797,1 rue de la Paix,98195
Jsandye.Delp@yopmail.com,Jsandye,Delp,NB,1978-01-16,+3334118909,1 rue de la Paix,92903
Hollie.Johanna@yopmail.com,Hollie,Johanna,F,1920-08-01,+3342421977,1 rue de la Paix,61514
Xylina.Dudley@yopmail.com,Xylina,Dudley,NB,1982-05-19,+3393506883,1 rue de la Paix,95200
Hermione.Callista@yopmail.com,Hermione,Callista,NONE,1986-09-02,+3399876048,1 rue de la Paix,13884
Dania.Dituri@yopmail.com,Dania,Dituri,NONE,1953-10-25,+3367637558,1 rue de la Paix,61949
Correy.Vastah@yopmail.com,Correy,Vastah,M,1922-10-19,+3368690466,1 rue de la Paix,82663
Codie.Jillane@yopmail.com,Codie,Jillane,NONE,1911-03-16,+3345927288,1 rue de la Paix,73640
Cathyleen.Deegan@yopmail.com,Cathyleen,Deegan,M,1972-02-02,+3394797488,1 rue de la Paix,81287
Gale.Alisia@yopmail.com,Gale,Alisia,M,1936-03-24,+3350548080,1 rue de la Paix,56142
Dotty.Bach@yopmail.com,Dotty,Bach,F,2002-11-26,+3360822800,1 rue de la Paix,4880
June.Suzetta@yopmail.com,June,Suzetta,NB,1977-08-12,+3389155108,1 rue de la Paix,30693
Jemie.Wenoa@yopmail.com,Jemie,Wenoa,M,1939-07-31,+3394255333,1 rue de la Paix,73490
Ezmeralda.Ehrman@yopmail.com,Ezmeralda,Ehrman,F,1933-09-03,+3343787128,1 rue de la Paix,59811
Ezmeralda.Jess@yopmail.com,Ezmeralda,Jess,M,1992-03-21,+3349609434,1 rue de la Paix,69408
Daryl.Alice@yopmail.com,Daryl,Alice,F,1973-10-06,+3374937589,1 rue de la Paix,26454
Karly.Knowling@yopmail.com,Karly,Knowling,NB,1924-05-07,+3347182242,1 rue de la Paix,47928
Jolyn.Silvan@yopmail.com,Jolyn,Silvan,F,1974-09-22,+3300292454,1 rue de la Paix,65136
Brynna.Lacombe@yopmail.com,Brynna,Lacombe,NB,1996-03-05,+3398521043,1 rue de la Paix,47650
Frieda.Tomasina@yopmail.com,Frieda,Tomasina,F,1981-05-25,+3393409124,1 rue de la Paix,34116
Katuscha.Pascia@yopmail.com,Katuscha,Pascia,F,1958-05-28,+3368814746,1 rue de la Paix,11059
Sarette.Halsey@yopmail.com,Sarette,Halsey,NB,2004-11-25,+3324151870,1 rue de la Paix,101714
Linet.Margarete@yopmail.com,Linet,Margarete,NONE,1971-02-14,+3326598112,1 rue de la Paix,14057
Konstance.Kevon@yopmail.com,Konstance,Kevon,NONE,1928-04-21,+3350388761,1 rue de la Paix,3413
Tierney.Baylor@yopmail.com,Tierney,Baylor,NONE,1953-10-29,+3389453670,1 rue de la Paix,76297
Ursulina.Neva@yopmail.com,Ursulina,Neva,M,1922-12-08,+3334801490,1 rue de la Paix,67377
Edith.Mozelle@yopmail.com,Edith,Mozelle,F,1990-02-07,+3350549668,1 rue de la Paix,92785
Shaine.Nicoline@yopmail.com,Shaine,Nicoline,F,1937-05-28,+3383868950,1 rue de la Paix,100531
Konstance.Auberbach@yopmail.com,Konstance,Auberbach,NB,1918-04-05,+3359670559,1 rue de la Paix,67285
Arlina.Smitt@yopmail.com,Arlina,Smitt,F,1994-02-19,+3302349432,1 rue de la Paix,21515
Elise.Erich@yopmail.com,Elise,Erich,F,1961-07-28,+3307457174,1 rue de la Paix,39572
Silvana.Shuler@yopmail.com,Silvana,Shuler,M,1962-09-04,+3332734710,1 rue de la Paix,37737
Paulita.Vastah@yopmail.com,Paulita,Vastah,NONE,1954-01-02,+3392301776,1 rue de la Paix,100655
Roslyn.Schenck@yopmail.com,Roslyn,Schenck,F,1955-10-04,+3399071452,1 rue de la Paix,82531
Teriann.Rurik@yopmail.com,Teriann,Rurik,NB,1952-04-19,+3347154462,1 rue de la Paix,72757
Trixi.Tamsky@yopmail.com,Trixi,Tamsky,F,1966-11-06,+3306914608,1 rue de la Paix,69823
Mady.Timon@yopmail.com,Mady,Timon,NONE,1998-08-08,+3364794793,1 rue de la Paix,18884
Ira.Casimir@yopmail.com,Ira,Casimir,M,1941-07-15,+3314266369,1 rue de la Paix,48890
Alejandra.Dermott@yopmail.com,Alejandra,Dermott,NONE,1943-10-05,+3311196670,1 rue de la Paix,21198
Trudie.Erb@yopmail.com,Trudie,Erb,M,1957-06-29,+3340644084,1 rue de la Paix,60473
Madeleine.Redmond@yopmail.com,Madeleine,Redmond,M,1917-02-22,+3378546036,1 rue de la Paix,49901
Vere.Edee@yopmail.com,Vere,Edee,M,1998-05-26,+3301260437,1 rue de la Paix,24336
Carly.Mathilde@yopmail.com,Carly,Mathilde,F,1963-06-23,+3393075471,1 rue de la Paix,42254
Jaime.Karylin@yopmail.com,Jaime,Karylin,M,1956-07-28,+3335215139,1 rue de la Paix,12397
Darlleen.Imelida@yopmail.com,Darlleen,Imelida,NB,1974-08-11,+3385677356,1 rue de la Paix,102736
Maryellen.Vilma@yopmail.com,Maryellen,Vilma,NB,1918-04-20,+3393733123,1 rue de la Paix,83032
Randa.Martguerita@yopmail.com,Randa,Martguerita,NB,1949-06-20,+3386781118,1 rue de la Paix,103742
Lacie.Jacobah@yopmail.com,Lacie,Jacobah,F,1921-08-22,+3309663215,1 rue de la Paix,23164
Arlina.Korey@yopmail.com,Arlina,Korey,F,1986-01-05,+3341969731,1 rue de la Paix,24486
Tybie.Dash@yopmail.com,Tybie,Dash,M,1936-03-15,+3341734768,1 rue de la Paix,78612
Kimberley.Concha@yopmail.com,Kimberley,Concha,M,1986-02-18,+3383419654,1 rue de la Paix,85214
Elora.Shuler@yopmail.com,Elora,Shuler,NB,1915-10-17,+3397226017,1 rue de la Paix,64843
Ekaterina.Dulciana@yopmail.com,Ekaterina,Dulciana,NONE,1997-06-07,+3357654352,1 rue de la Paix,92853
Aurore.Laverne@yopmail.com,Aurore,Laverne,NONE,1996-10-31,+3307053878,1 rue de la Paix,66703
Norine.ONeill@yopmail.com,Norine,ONeill,F,1946-04-09,+3348395615,1 rue de la Paix,13839
Teriann.Clara@yopmail.com,Teriann,Clara,NB,1962-06-04,+3368791156,1 rue de la Paix,68818
Kylynn.Nadia@yopmail.com,Kylynn,Nadia,NB,1949-02-27,+3306605253,1 rue de la Paix,12815
Winny.Kolnick@yopmail.com,Winny,Kolnick,F,1998-11-08,+3355285434,1 rue de la Paix,39246
Valli.Cleavland@yopmail.com,Valli,Cleavland,M,1913-01-16,+3374159667,1 rue de la Paix,65878
Farrah.Pauly@yopmail.com,Farrah,Pauly,F,1925-05-26,+3377302039,1 rue de la Paix,14571
Corina.Kronfeld@yopmail.com,Corina,Kronfeld,F,1913-07-28,+3305728191,1 rue de la Paix,27897
Aubrie.Hurley@yopmail.com,Aubrie,Hurley,NONE,1989-08-27,+3340662781,1 rue de la Paix,72709
Emilia.Tacye@yopmail.com,Emilia,Tacye,NB,1964-07-27,+3393873766,1 rue de la Paix,57430
Chastity.Eben@yopmail.com,Chastity,Eben,F,2002-06-06,+3381467769,1 rue de la Paix,36309
Trixi.Goode@yopmail.com,Trixi,Goode,NB,1923-07-25,+3338863942,1 rue de la Paix,14677
Yvonne.Chaing@yopmail.com,Yvonne,Chaing,F,1987-07-30,+3373650078,1 rue de la Paix,64773
Georgina.Couture@yopmail.com,Georgina,Couture,F,1949-09-23,+3350435764,1 rue de la Paix,28729
Lorie.Ackerley@yopmail.com,Lorie,Ackerley,F,2000-07-29,+3389963292,1 rue de la Paix,90466
Emma.Gower@yopmail.com,Emma,Gower,M,1948-10-25,+3348219294,1 rue de la Paix,55798
Jacquetta.Jaylene@yopmail.com,Jacquetta,Jaylene,F,1944-08-22,+3324142096,1 rue de la Paix,33246
Jinny.Roche@yopmail.com,Jinny,Roche,F,1928-08-30,+3329422770,1 rue de la Paix,58887
Ruthe.Denis@yopmail.com,Ruthe,Denis,F,1978-02-13,+3353283662,1 rue de la Paix,46403
Tera.Curren@yopmail.com,Tera,Curren,NB,1944-11-27,+3325381087,1 rue de la Paix,6808
Elena.Rebecka@yopmail.com,Elena,Rebecka,NB,1925-10-17,+3310104590,1 rue de la Paix,26706
Drucie.Willie@yopmail.com,Drucie,Willie,NB,1931-03-30,+3323567793,1 rue de la Paix,80366
Monika.Heisel@yopmail.com,Monika,Heisel,F,1918-05-13,+3372442889,1 rue de la Paix,48913
Brynna.Millda@yopmail.com,Brynna,Millda,NB,1935-07-24,+3389631810,1 rue de la Paix,73455
Roxane.Bluh@yopmail.com,Roxane,Bluh,NB,1966-10-30,+3349034617,1 rue de la Paix,72157
Jaime.Toffic@yopmail.com,Jaime,Toffic,M,1978-09-22,+3325652097,1 rue de la Paix,94158
Malina.Nahum@yopmail.com,Malina,Nahum,F,1955-01-10,+3343952205,1 rue de la Paix,48647
Natka.Noelyn@yopmail.com,Natka,Noelyn,F,1975-11-14,+3306508845,1 rue de la Paix,85209
Tobe.Stoller@yopmail.com,Tobe,Stoller,F,1949-07-12,+3315484975,1 rue de la Paix,16859
Diena.Bigner@yopmail.com,Diena,Bigner,M,2003-12-14,+3354902743,1 rue de la Paix,34692
Netty.Wandie@yopmail.com,Netty,Wandie,NB,1961-10-24,+3314289598,1 rue de la Paix,20559
Ricky.Borrell@yopmail.com,Ricky,Borrell,NB,1979-10-26,+3323499082,1 rue de la Paix,46496
Zondra.Wenda@yopmail.com,Zondra,Wenda,F,1977-11-22,+3300437696,1 rue de la Paix,46772
Nickie.Gombach@yopmail.com,Nickie,Gombach,NB,2001-03-07,+3333354534,1 rue de la Paix,10885
Hyacinthe.Klotz@yopmail.com,Hyacinthe,Klotz,M,1948-09-20,+3333918689,1 rue de la Paix,33661
Oralee.Fairweather@yopmail.com,Oralee,Fairweather,NB,1916-03-02,+3351057297,1 rue de la Paix,63461
Gerrie.Zetta@yopmail.com,Gerrie,Zetta,NONE,1955-12-12,+3351137014,1 rue de la Paix,24295
Mellicent.Howlyn@yopmail.com,Mellicent,Howlyn,NONE,1911-11-20,+3312880911,1 rue de la Paix,92247
Aaren.Pip@yopmail.com,Aaren,Pip,NB,1925-02-03,+3331586504,1 rue de la Paix,6564
Charissa.Aprile@yopmail.com,Charissa,Aprile,F,1979-08-25,+3317817906,1 rue de la Paix,16361
Rhea.Ogren@yopmail.com,Rhea,Ogren,NONE,1917-04-29,+3366215569,1 rue de la Paix,27902
Harmonia.Klemperer@yopmail.com,Harmonia,Klemperer,M,1952-10-31,+3364057597,1 rue de la Paix,65695
Barbara.Llovera@yopmail.com,Barbara,Llovera,NB,1937-06-01,+3371137518,1 rue de la Paix,50688
Jany.Brotherson@yopmail.com,Jany,Brotherson,NONE,1974-02-21,+3321771956,1 rue de la Paix,51093
Iseabal.Rhu@yopmail.com,Iseabal,Rhu,F,1963-09-01,+3347533581,1 rue de la Paix,46737
Tilly.Jarib@yopmail.com,Tilly,Jarib,M,1955-08-06,+3325927522,1 rue de la Paix,23508
Janenna.Joachim@yopmail.com,Janenna,Joachim,M,1920-08-30,+3348862424,1 rue de la Paix,54695
Christian.Meter@yopmail.com,Christian,Meter,NB,1951-04-16,+3305749897,1 rue de la Paix,13975
Drucie.Joachim@yopmail.com,Drucie,Joachim,NONE,1971-09-02,+3392430701,1 rue de la Paix,74545
Lorne.Faso@yopmail.com,Lorne,Faso,NB,1969-06-30,+3368199401,1 rue de la Paix,43567
Melina.Leopold@yopmail.com,Melina,Leopold,NB,1946-08-21,+3391764470,1 rue de la Paix,33236
Asia.Warthman@yopmail.com,Asia,Warthman,M,1946-12-29,+3393906931,1 rue de la Paix,86092
Eve.Dielu@yopmail.com,Eve,Dielu,M,1910-05-21,+3379439582,1 rue de la Paix,46947
Orsola.Anestassia@yopmail.com,Orsola,Anestassia,NONE,1999-04-25,+3349186982,1 rue de la Paix,73826
Chickie.Kannry@yopmail.com,Chickie,Kannry,F,1971-11-08,+3381866967,1 rue de la Paix,83589
Nicoli.Kirstin@yopmail.com,Nicoli,Kirstin,M,1965-11-24,+3349019238,1 rue de la Paix,81767
Christian.Berl@yopmail.com,Christian,Berl,F,1973-12-12,+3384758308,1 rue de la Paix,22606
Leontine.Reneta@yopmail.com,Leontine,Reneta,NONE,1943-02-08,+3312106155,1 rue de la Paix,1598
Aurelie.Odysseus@yopmail.com,Aurelie,Odysseus,F,1922-04-16,+3363139958,1 rue de la Paix,101703
Jaclyn.Astra@yopmail.com,Jaclyn,Astra,NONE,1987-04-04,+3398886087,1 rue de la Paix,44732
Beatriz.Codding@yopmail.com,Beatriz,Codding,F,1997-11-18,+3387357116,1 rue de la Paix,48238
Aaren.Abernon@yopmail.com,Aaren,Abernon,M,1947-10-25,+3375552303,1 rue de la Paix,102741
Nelle.Loring@yopmail.com,Nelle,Loring,NB,1979-04-23,+3343698334,1 rue de la Paix,17970
Kelly.Goerke@yopmail.com,Kelly,Goerke,NONE,1999-09-10,+3331152789,1 rue de la Paix,98457
Quintina.Mauer@yopmail.com,Quintina,Mauer,M,1966-06-05,+3323409801,1 rue de la Paix,21015
Gale.Charity@yopmail.com,Gale,Charity,M,1997-03-11,+3319822050,1 rue de la Paix,9518
Raina.Teryn@yopmail.com,Raina,Teryn,F,1939-12-28,+3326435892,1 rue de la Paix,72363
Meghann.Lia@yopmail.com,Meghann,Lia,NB,1977-05-29,+3350193785,1 rue de la Paix,80111
Rani.Byrne@yopmail.com,Rani,Byrne,F,1914-08-15,+3382974728,1 rue de la Paix,61460
Thalia.Roumell@yopmail.com,Thalia,Roumell,NB,1943-07-30,+3374429851,1 rue de la Paix,74299
Chastity.Leifeste@yopmail.com,Chastity,Leifeste,NONE,1998-10-04,+3336100236,1 rue de la Paix,107668
Annabela.Philoo@yopmail.com,Annabela,Philoo,F,1980-12-01,+3321341524,1 rue de la Paix,100084
Giustina.Ludewig@yopmail.com,Giustina,Ludewig,F,1972-02-08,+3399804526,1 rue de la Paix,71009
Daune.Lewes@yopmail.com,Daune,Lewes,NB,1927-06-20,+3358274479,1 rue de la Paix,46556
Tera.Darrell@yopmail.com,Tera,Darrell,NONE,1963-05-05,+3356695305,1 rue de la Paix,18346
Quintina.Riordan@yopmail.com,Quintina,Riordan,NONE,1982-07-09,+3369629131,1 rue de la Paix,76166
Henriette.Vharat@yopmail.com,Henriette,Vharat,M,1984-11-08,+3366762731,1 rue de la Paix,86126
Fredericka.Alrich@yopmail.com,Fredericka,Alrich,F,2003-01-09,+3321576245,1 rue de la Paix,19490
Mahalia.Stacy@yopmail.com,Mahalia,Stacy,NONE,1937-06-22,+3367330816,1 rue de la Paix,37575
Willetta.Joni@yopmail.com,Willetta,Joni,NONE,1986-09-05,+3301287167,1 rue de la Paix,34929
Gaylene.Stefa@yopmail.com,Gaylene,Stefa,NONE,2001-02-25,+3395000793,1 rue de la Paix,54456
Cordi.Astra@yopmail.com,Cordi,Astra,F,1960-10-28,+3375833777,1 rue de la Paix,14224
Georgetta.Hanshaw@yopmail.com,Georgetta,Hanshaw,NB,1917-01-31,+3384090907,1 rue de la Paix,31625
Abbie.Even@yopmail.com,Abbie,Even,M,1914-02-17,+3334871652,1 rue de la Paix,80194
Raina.Ursulette@yopmail.com,Raina,Ursulette,F,1941-06-06,+3335065555,1 rue de la Paix,17196
Patricia.Korey@yopmail.com,Patricia,Korey,M,1985-08-27,+3375030293,1 rue de la Paix,87247
Violet.Torray@yopmail.com,Violet,Torray,M,1929-10-01,+3382000721,1 rue de la Paix,80669
Sheelagh.Curren@yopmail.com,Sheelagh,Curren,M,1924-07-02,+3353527402,1 rue de la Paix,20198
Lily.Erich@yopmail.com,Lily,Erich,NB,1914-03-02,+3368550200,1 rue de la Paix,12895
Valeda.Lumbard@yopmail.com,Valeda,Lumbard,M,1949-03-01,+3384355066,1 rue de la Paix,57960
Kore.Erlandson@yopmail.com,Kore,Erlandson,F,1927-05-07,+3338710295,1 rue de la Paix,14191
Gratia.Swigart@yopmail.com,Gratia,Swigart,M,2004-06-15,+3339070264,1 rue de la Paix,54186
Lorne.Mathilde@yopmail.com,Lorne,Mathilde,F,1950-06-13,+3308762387,1 rue de la Paix,85320
Lanae.Salchunas@yopmail.com,Lanae,Salchunas,F,1949-02-17,+3319500428,1 rue de la Paix,97801
Adelle.Helfand@yopmail.com,Adelle,Helfand,M,1979-04-28,+3396067766,1 rue de la Paix,56909
Lenna.Gert@yopmail.com,Lenna,Gert,M,1927-12-19,+3381268071,1 rue de la Paix,95576
Jacenta.Docilla@yopmail.com,Jacenta,Docilla,NB,1988-09-21,+3375986903,1 rue de la Paix,98260
Nanete.Cyrie@yopmail.com,Nanete,Cyrie,M,1978-05-19,+3350730245,1 rue de la Paix,67566
Vonny.Rozanna@yopmail.com,Vonny,Rozanna,NB,1980-05-22,+3319886202,1 rue de la Paix,11077
Philis.Publia@yopmail.com,Philis,Publia,F,1969-08-05,+3396858437,1 rue de la Paix,85565
Tiffie.Ingra@yopmail.com,Tiffie,Ingra,M,1959-09-30,+3384241484,1 rue de la Paix,60797
Regina.Mayeda@yopmail.com,Regina,Mayeda,F,1982-08-09,+3302334157,1 rue de la Paix,99841
Annice.Arley@yopmail.com,Annice,Arley,NB,1927-08-03,+3399595930,1 rue de la Paix,68773
Dulcinea.Kenwood@yopmail.com,Dulcinea,Kenwood,M,1919-07-22,+3352828145,1 rue de la Paix,99965
Asia.Mayeda@yopmail.com,Asia,Mayeda,F,1913-07-11,+3389303085,1 rue de la Paix,29942
Tersina.Reinke@yopmail.com,Tersina,Reinke,F,1920-01-20,+3350260387,1 rue de la Paix,71061
Kathi.Darian@yopmail.com,Kathi,Darian,NONE,1986-02-10,+3378375831,1 rue de la Paix,69737
Etta.Dominy@yopmail.com,Etta,Dominy,M,1991-04-28,+3341904066,1 rue de la Paix,78319
Delilah.Nisbet@yopmail.com,Delilah,Nisbet,NB,1927-03-14,+3329466676,1 rue de la Paix,97465
Elfreda.Bahr@yopmail.com,Elfreda,Bahr,F,1944-12-19,+3390262890,1 rue de la Paix,103456
Agathe.Caitlin@yopmail.com,Agathe,Caitlin,NB,1962-03-23,+3346141126,1 rue de la Paix,95319
Chere.Peonir@yopmail.com,Chere,Peonir,F,1954-05-13,+3300587887,1 rue de la Paix,9605
Maud.Karylin@yopmail.com,Maud,Karylin,M,1923-06-12,+3363180436,1 rue de la Paix,54162
Veda.Franza@yopmail.com,Veda,Franza,NB,1956-12-05,+3374937516,1 rue de la Paix,43178
Caressa.Franza@yopmail.com,Caressa,Franza,F,1963-08-12,+3311017851,1 rue de la Paix,88280
Ana.Phaidra@yopmail.com,Ana,Phaidra,M,1958-08-10,+3360759089,1 rue de la Paix,80374
Steffane.Latini@yopmail.com,Steffane,Latini,NB,1926-11-02,+3392315102,1 rue de la Paix,83864
Henriette.Malvino@yopmail.com,Henriette,Malvino,NONE,1913-07-01,+3350338024,1 rue de la Paix,27334
Zia.Edison@yopmail.com,Zia,Edison,M,1924-09-06,+3310709882,1 rue de la Paix,24550
Elie.Dorcy@yopmail.com,Elie,Dorcy,F,1974-07-15,+3363735905,1 rue de la Paix,82147
Lorie.Pacorro@yopmail.com,Lorie,Pacorro,M,1966-02-03,+3306929793,1 rue de la Paix,16827
Britte.Miru@yopmail.com,Britte,Miru,NB,1922-07-16,+3378098847,1 rue de la Paix,61164
Gale.Gunn@yopmail.com,Gale,Gunn,F,1936-07-18,+3382256816,1 rue de la Paix,85867
Gusty.Verger@yopmail.com,Gusty,Verger,NONE,1952-12-07,+3368788652,1 rue de la Paix,87963
Beverley.Joni@yopmail.com,Beverley,Joni,M,1963-01-04,+3392741519,1 rue de la Paix,80156
Philis.Nester@yopmail.com,Philis,Nester,M,1930-04-29,+3364658647,1 rue de la Paix,80336
Mary.Gabrielli@yopmail.com,Mary,Gabrielli,F,1914-10-06,+3368694238,1 rue de la Paix,29030
Di.Malina@yopmail.com,Di,Malina,NB,1990-09-25,+3388227632,1 rue de la Paix,13228
Lonnie.Codding@yopmail.com,Lonnie,Codding,F,1955-06-18,+3379005937,1 rue de la Paix,71716
Eve.Croix@yopmail.com,Eve,Croix,F,1929-12-29,+3318301060,1 rue de la Paix,40071
Lanna.Capello@yopmail.com,Lanna,Capello,M,1910-04-08,+3310556271,1 rue de la Paix,39252
Carlie.Read@yopmail.com,Carlie,Read,NONE,1986-04-12,+3307038989,1 rue de la Paix,102694
Brandise.Schenck@yopmail.com,Brandise,Schenck,NONE,1958-01-25,+3336945726,1 rue de la Paix,39952
Bobinette.Diann@yopmail.com,Bobinette,Diann,M,1992-08-15,+3356115819,1 rue de la Paix,97166
Lorne.Hull@yopmail.com,Lorne,Hull,F,1992-04-22,+3395970954,1 rue de la Paix,86290
Aaren.Quinn@yopmail.com,Aaren,Quinn,M,1915-03-04,+3334226021,1 rue de la Paix,68942
Merle.Elisha@yopmail.com,Merle,Elisha,M,1985-03-18,+3357045748,1 rue de la Paix,33118
Kalina.Modie@yopmail.com,Kalina,Modie,F,1940-10-18,+3310088016,1 rue de la Paix,19849
Paule.Delp@yopmail.com,Paule,Delp,NB,1961-12-29,+3392500064,1 rue de la Paix,37297
Britte.Cynar@yopmail.com,Britte,Cynar,M,1982-02-03,+3380562708,1 rue de la Paix,11615
Inga.Anderea@yopmail.com,Inga,Anderea,F,1973-01-27,+3352575862,1 rue de la Paix,58166
Jsandye.Neva@yopmail.com,Jsandye,Neva,F,1980-12-03,+3309948012,1 rue de la Paix,62797
Claudina.Brittani@yopmail.com,Claudina,Brittani,M,1971-11-02,+3374210447,1 rue de la Paix,53893
Chrystel.Thad@yopmail.com,Chrystel,Thad,NB,1953-12-10,+3395210265,1 rue de la Paix,70436
Georgina.Delacourt@yopmail.com,Georgina,Delacourt,NONE,1918-11-23,+3313038834,1 rue de la Paix,50996
Feliza.Sigfrid@yopmail.com,Feliza,Sigfrid,NONE,1950-04-15,+3371448726,1 rue de la Paix,87045
Pamella.Felecia@yopmail.com,Pamella,Felecia,NONE,1961-07-23,+3357668901,1 rue de la Paix,59934
Lily.Ackerley@yopmail.com,Lily,Ackerley,NB,1999-10-28,+3321966575,1 rue de la Paix,10312
Marika.Atonsah@yopmail.com,Marika,Atonsah,F,1978-10-14,+3369701061,1 rue de la Paix,54800
Camile.Manolo@yopmail.com,Camile,Manolo,M,1924-03-25,+3316495807,1 rue de la Paix,20147
Lory.Suk@yopmail.com,Lory,Suk,F,2000-12-13,+3345309211,1 rue de la Paix,65463
Caressa.Nedrud@yopmail.com,Caressa,Nedrud,NONE,1959-06-07,+3331688407,1 rue de la Paix,88135
Carmela.Ajay@yopmail.com,Carmela,Ajay,NONE,1923-09-17,+3301271204,1 rue de la Paix,84602
Laurene.Aprile@yopmail.com,Laurene,Aprile,M,1966-09-05,+3370108318,1 rue de la Paix,47785
Chrystel.Arathorn@yopmail.com,Chrystel,Arathorn,F,1922-09-04,+3354851718,1 rue de la Paix,85849
Heddie.Parette@yopmail.com,Heddie,Parette,M,1950-10-24,+3392810523,1 rue de la Paix,52668
Frieda.Vivle@yopmail.com,Frieda,Vivle,F,1919-07-01,+3396059423,1 rue de la Paix,81571
Basia.Euridice@yopmail.com,Basia,Euridice,M,1911-07-09,+3310599176,1 rue de la Paix,70909
Ketti.Martguerita@yopmail.com,Ketti,Martguerita,F,1942-12-03,+3348603951,1 rue de la Paix,41202
Clo.Brackely@yopmail.com,Clo,Brackely,NONE,2003-05-22,+3332407503,1 rue de la Paix,97783
Codie.Mandler@yopmail.com,Codie,Mandler,M,2001-06-26,+3349415357,1 rue de la Paix,64727
Alex.Sinegold@yopmail.com,Alex,Sinegold,NB,1953-05-15,+3350347564,1 rue de la Paix,12905
Barbi.Saunderson@yopmail.com,Barbi,Saunderson,M,1984-09-15,+3308936046,1 rue de la Paix,21809
Krystle.Salvidor@yopmail.com,Krystle,Salvidor,NONE,1978-08-18,+3394833608,1 rue de la Paix,93912
Winny.Brian@yopmail.com,Winny,Brian,M,1950-02-05,+3390780839,1 rue de la Paix,85275
Sadie.Harday@yopmail.com,Sadie,Harday,NONE,1956-11-21,+3391563570,1 rue de la Paix,79765
Aeriela.Shama@yopmail.com,Aeriela,Shama,M,1989-05-11,+3307343335,1 rue de la Paix,21985
Bibby.Vastah@yopmail.com,Bibby,Vastah,F,1982-11-25,+3301057556,1 rue de la Paix,101390
Penelopa.Gale@yopmail.com,Penelopa,Gale,NONE,2001-09-01,+3301822482,1 rue de la Paix,46770
Dolli.Tamsky@yopmail.com,Dolli,Tamsky,M,1928-04-30,+3382676702,1 rue de la Paix,33019
Ericka.Tiffa@yopmail.com,Ericka,Tiffa,NB,1981-06-28,+3307086125,1 rue de la Paix,91792
Paule.Iiette@yopmail.com,Paule,Iiette,NONE,1938-12-07,+3361872107,1 rue de la Paix,103482
Romona.Amasa@yopmail.com,Romona,Amasa,M,1927-03-21,+3368620731,1 rue de la Paix,45968
Oona.Mintz@yopmail.com,Oona,Mintz,M,1967-08-20,+3327209148,1 rue de la Paix,6565
Kalina.Juan@yopmail.com,Kalina,Juan,M,1920-04-09,+3377807700,1 rue de la Paix,65606
Trixi.Charmine@yopmail.com,Trixi,Charmine,NONE,1910-03-17,+3310425612,1 rue de la Paix,66104
Laure.Kaete@yopmail.com,Laure,Kaete,M,1949-04-15,+3324016304,1 rue de la Paix,40131
Alyda.Dawkins@yopmail.com,Alyda,Dawkins,M,1916-06-03,+3321196516,1 rue de la Paix,73346
Augustine.Tillford@yopmail.com,Augustine,Tillford,NONE,1941-02-06,+3321894986,1 rue de la Paix,22459
Felice.Armanda@yopmail.com,Felice,Armanda,M,2003-06-03,+3381819881,1 rue de la Paix,52658
Aigneis.Lytton@yopmail.com,Aigneis,Lytton,M,1989-09-13,+3395033427,1 rue de la Paix,18725
Sashenka.Ethban@yopmail.com,Sashenka,Ethban,NONE,1999-03-17,+3323137119,1 rue de la Paix,63856
Phylis.Skurnik@yopmail.com,Phylis,Skurnik,M,1953-12-08,+3373424420,1 rue de la Paix,83892
Lynea.Karl@yopmail.com,Lynea,Karl,F,1983-01-07,+3327718518,1 rue de la Paix,90895
Netty.Franza@yopmail.com,Netty,Franza,F,1938-09-26,+3345909798,1 rue de la Paix,37976
Julieta.Ioab@yopmail.com,Julieta,Ioab,F,1923-09-10,+3382521391,1 rue de la Paix,90322
Rosanne.Bobbee@yopmail.com,Rosanne,Bobbee,F,1994-06-29,+3315936126,1 rue de la Paix,25615
Dagmar.Sacken@yopmail.com,Dagmar,Sacken,NB,1940-02-09,+3340774517,1 rue de la Paix,99759
Tobe.Felecia@yopmail.com,Tobe,Felecia,M,1979-04-17,+3369572217,1 rue de la Paix,31601
Janey.Isacco@yopmail.com,Janey,Isacco,F,1913-08-20,+3365035027,1 rue de la Paix,62277
Evita.Bouchard@yopmail.com,Evita,Bouchard,F,1999-05-31,+3351333608,1 rue de la Paix,94476
Hayley.Delacourt@yopmail.com,Hayley,Delacourt,F,1946-07-06,+3303996183,1 rue de la Paix,97240
Annice.Fosque@yopmail.com,Annice,Fosque,NB,1995-08-24,+3321103255,1 rue de la Paix,77333
Roberta.Brunell@yopmail.com,Roberta,Brunell,M,1943-10-07,+3347904473,1 rue de la Paix,57648
Marcelline.Land@yopmail.com,Marcelline,Land,NONE,1910-03-07,+3301221727,1 rue de la Paix,15820
Deloria.Talia@yopmail.com,Deloria,Talia,M,1998-06-01,+3339179424,1 rue de la Paix,35063
Edee.Roscoe@yopmail.com,Edee,Roscoe,NONE,1941-01-10,+3387543747,1 rue de la Paix,15529
Ezmeralda.Kiersten@yopmail.com,Ezmeralda,Kiersten,F,1997-04-02,+3314335901,1 rue de la Paix,12269
Christy.Adore@yopmail.com,Christy,Adore,F,1938-10-01,+3391446654,1 rue de la Paix,11659
Regina.Callista@yopmail.com,Regina,Callista,NB,2002-07-24,+3308909429,1 rue de la Paix,5020
Blinni.Azeria@yopmail.com,Blinni,Azeria,M,1976-04-01,+3346501188,1 rue de la Paix,39052
Camile.Madelene@yopmail.com,Camile,Madelene,NB,1948-11-20,+3375032513,1 rue de la Paix,7779
Misha.Podvin@yopmail.com,Misha,Podvin,F,1992-03-26,+3332209177,1 rue de la Paix,4709
Roseline.Jagir@yopmail.com,Roseline,Jagir,F,1970-06-22,+3365766108,1 rue de la Paix,98931
Cam.Marijo@yopmail.com,Cam,Marijo,M,1994-04-29,+3345630077,1 rue de la Paix,63512
Adele.Eachern@yopmail.com,Adele,Eachern,NONE,1976-11-20,+3350145807,1 rue de la Paix,62542
Dagmar.Melleta@yopmail.com,Dagmar,Melleta,NB,1959-07-30,+3347936369,1 rue de la Paix,31151
Dagmar.Maisey@yopmail.com,Dagmar,Maisey,F,1930-05-30,+3355491544,1 rue de la Paix,47398
Winifred.Claudine@yopmail.com,Winifred,Claudine,F,1928-07-30,+3392326964,1 rue de la Paix,19618
Therine.Sandye@yopmail.com,Therine,Sandye,M,1953-11-23,+3368726660,1 rue de la Paix,92754
Lenna.Hanleigh@yopmail.com,Lenna,Hanleigh,NB,1980-10-12,+3339214271,1 rue de la Paix,67060
Norine.Neva@yopmail.com,Norine,Neva,F,1999-01-16,+3370989803,1 rue de la Paix,30705
Clary.Wilona@yopmail.com,Clary,Wilona,NONE,1960-05-25,+3308026887,1 rue de la Paix,63325
Carolina.Raffo@yopmail.com,Carolina,Raffo,F,1974-03-17,+3349948249,1 rue de la Paix,42776
Dolli.Paine@yopmail.com,Dolli,Paine,NB,1949-12-25,+3341603977,1 rue de la Paix,60605
Hope.Hollingsworth@yopmail.com,Hope,Hollingsworth,NONE,1959-03-07,+3324325088,1 rue de la Paix,66226
Adelle.Schwejda@yopmail.com,Adelle,Schwejda,NB,1942-04-23,+3372241266,1 rue de la Paix,101152
Amara.Carlson@yopmail.com,Amara,Carlson,NONE,1933-03-11,+3338871247,1 rue de la Paix,18901
Norine.Socha@yopmail.com,Norine,Socha,F,1914-08-22,+3348282257,1 rue de la Paix,15173
Jacenta.Zuzana@yopmail.com,Jacenta,Zuzana,F,1917-02-04,+3322247146,1 rue de la Paix,100579
Alejandra.Agle@yopmail.com,Alejandra,Agle,F,1976-07-14,+3302832534,1 rue de la Paix,25513
Nanete.Brotherson@yopmail.com,Nanete,Brotherson,NB,1973-06-02,+3311255837,1 rue de la Paix,3225
Charlena.Milde@yopmail.com,Charlena,Milde,NONE,1973-02-11,+3354283553,1 rue de la Paix,68611
Courtnay.Sisile@yopmail.com,Courtnay,Sisile,NB,1933-08-04,+3350059692,1 rue de la Paix,102441
Jean.Swanhildas@yopmail.com,Jean,Swanhildas,NONE,1992-02-26,+3359748699,1 rue de la Paix,74904
Elka.Stevy@yopmail.com,Elka,Stevy,F,1958-01-23,+3322269065,1 rue de la Paix,47746
Claresta.Behre@yopmail.com,Claresta,Behre,F,1984-03-08,+3362408716,1 rue de la Paix,100216
Edith.Tybald@yopmail.com,Edith,Tybald,NONE,1920-02-23,+3323710059,1 rue de la Paix,14856
Sindee.Rogerio@yopmail.com,Sindee,Rogerio,F,1990-05-12,+3324816029,1 rue de la Paix,31657
Doralynne.Peti@yopmail.com,Doralynne,Peti,M,1995-03-05,+3308977162,1 rue de la Paix,104675
Helsa.Timon@yopmail.com,Helsa,Timon,F,1918-07-01,+3301765775,1 rue de la Paix,7061
Candy.Jammal@yopmail.com,Candy,Jammal,NONE,1922-01-23,+3394796362,1 rue de la Paix,62180
Mady.McLaughlin@yopmail.com,Mady,McLaughlin,NONE,1925-06-26,+3342611991,1 rue de la Paix,76728
Konstance.Sasnett@yopmail.com,Konstance,Sasnett,NB,1920-06-07,+3390447263,1 rue de la Paix,71721
Gertrud.Bronk@yopmail.com,Gertrud,Bronk,NONE,2003-06-07,+3332404139,1 rue de la Paix,13854
Atlanta.Keily@yopmail.com,Atlanta,Keily,F,1981-02-16,+3380502334,1 rue de la Paix,90846
Aubrie.Bobbee@yopmail.com,Aubrie,Bobbee,F,1917-10-28,+3305466347,1 rue de la Paix,81062
Lenna.Fredi@yopmail.com,Lenna,Fredi,NB,1975-12-24,+3326401837,1 rue de la Paix,9240
Lilith.Guildroy@yopmail.com,Lilith,Guildroy,F,1982-03-05,+3311171170,1 rue de la Paix,29317
Amelia.Berard@yopmail.com,Amelia,Berard,NB,1944-03-02,+3303740101,1 rue de la Paix,13456
Max.Yusuk@yopmail.com,Max,Yusuk,NONE,1921-09-07,+3300776718,1 rue de la Paix,34444
Lanae.Eliathas@yopmail.com,Lanae,Eliathas,F,1975-12-30,+3344754254,1 rue de la Paix,7731
Annecorinne.Gaspard@yopmail.com,Annecorinne,Gaspard,NONE,1939-02-09,+3378305132,1 rue de la Paix,17722
Judy.Tristram@yopmail.com,Judy,Tristram,F,1946-08-25,+3336645918,1 rue de la Paix,70905
Viviene.Reidar@yopmail.com,Viviene,Reidar,M,1989-01-16,+3315542581,1 rue de la Paix,63239
Caressa.Maiah@yopmail.com,Caressa,Maiah,NB,1912-03-11,+3384248575,1 rue de la Paix,97277
Harrietta.Carolin@yopmail.com,Harrietta,Carolin,M,1930-06-05,+3375876538,1 rue de la Paix,60733
Lizzie.Fulmer@yopmail.com,Lizzie,Fulmer,NB,1996-02-20,+3302162004,1 rue de la Paix,23371
Melina.Horan@yopmail.com,Melina,Horan,NONE,1917-05-03,+3309554218,1 rue de la Paix,22938
Maisey.Andrel@yopmail.com,Maisey,Andrel,M,1915-01-14,+3333823138,1 rue de la Paix,46313
Rani.Romelda@yopmail.com,Rani,Romelda,NONE,1930-09-25,+3309480802,1 rue de la Paix,54465
Susette.Abbot@yopmail.com,Susette,Abbot,F,2004-08-04,+3392375166,1 rue de la Paix,37991
Vivia.Havens@yopmail.com,Vivia,Havens,F,1977-02-08,+3335178717,1 rue de la Paix,18827
Jasmina.Posner@yopmail.com,Jasmina,Posner,M,1940-07-12,+3319624219,1 rue de la Paix,31015
Darlleen.Natica@yopmail.com,Darlleen,Natica,M,1956-12-10,+3374525769,1 rue de la Paix,94124
Maisey.Thomasina@yopmail.com,Maisey,Thomasina,NB,1914-09-30,+3346867225,1 rue de la Paix,33520
Kore.Velick@yopmail.com,Kore,Velick,NB,1984-03-08,+3366403229,1 rue de la Paix,31707
Georgetta.Dreda@yopmail.com,Georgetta,Dreda,NB,1970-11-23,+3368125611,1 rue de la Paix,101423
Nessie.Erminia@yopmail.com,Nessie,Erminia,NB,1934-04-01,+3324409389,1 rue de la Paix,93978
Genovera.Karl@yopmail.com,Genovera,Karl,NB,1940-07-28,+3399457804,1 rue de la Paix,98674
Cassondra.Aida@yopmail.com,Cassondra,Aida,NONE,1948-10-22,+3353076693,1 rue de la Paix,31004
Anallese.Zrike@yopmail.com,Anallese,Zrike,NB,1985-03-23,+3365908425,1 rue de la Paix,12035
Christy.Destinee@yopmail.com,Christy,Destinee,M,1984-06-06,+3309874887,1 rue de la Paix,88680
Brianna.Joli@yopmail.com,Brianna,Joli,NB,1990-09-04,+3349836581,1 rue de la Paix,61396
Lorenza.Loring@yopmail.com,Lorenza,Loring,NB,1927-03-22,+3388628988,1 rue de la Paix,10301
Sonni.Mendez@yopmail.com,Sonni,Mendez,F,1944-08-27,+3321427865,1 rue de la Paix,15657
Frank.Deegan@yopmail.com,Frank,Deegan,NB,1957-11-18,+3353447278,1 rue de la Paix,43259
Vevay.Havens@yopmail.com,Vevay,Havens,M,1954-11-10,+3304966855,1 rue de la Paix,31732
Ellette.Vorster@yopmail.com,Ellette,Vorster,NONE,1993-06-19,+3312523017,1 rue de la Paix,25904
Madeleine.Linskey@yopmail.com,Madeleine,Linskey,NONE,1911-09-29,+3332206196,1 rue de la Paix,17929
Natka.Merna@yopmail.com,Natka,Merna,NB,1954-04-06,+3392531013,1 rue de la Paix,67443
Fina.Bari@yopmail.com,Fina,Bari,F,1915-08-20,+3304868556,1 rue de la Paix,13243
Dolli.Jehu@yopmail.com,Dolli,Jehu,NB,1911-07-28,+3393442761,1 rue de la Paix,36908
Sabina.An@yopmail.com,Sabina,An,NB,1961-08-11,+3335323396,1 rue de la Paix,48476
Shell.Vale@yopmail.com,Shell,Vale,NB,1937-06-12,+3331802063,1 rue de la Paix,46604
Sara-Ann.Raul@yopmail.com,Sara-Ann,Raul,NB,1981-05-19,+3325957606,1 rue de la Paix,10486
Binny.Stefa@yopmail.com,Binny,Stefa,NB,1994-02-21,+3375282557,1 rue de la Paix,30767
Alie.Arley@yopmail.com,Alie,Arley,NB,1954-11-11,+3301020721,1 rue de la Paix,69321
Hollie.Francyne@yopmail.com,Hollie,Francyne,NB,1978-04-16,+3388432152,1 rue de la Paix,65311
Sidoney.Brotherson@yopmail.com,Sidoney,Brotherson,M,1911-07-31,+3386718154,1 rue de la Paix,92317
Anthia.Colleen@yopmail.com,Anthia,Colleen,M,1937-11-21,+3375358411,1 rue de la Paix,39359
Corry.Stanwood@yopmail.com,Corry,Stanwood,F,2003-01-20,+3355833689,1 rue de la Paix,57286
Eolanda.Scammon@yopmail.com,Eolanda,Scammon,NONE,1955-04-17,+3385174081,1 rue de la Paix,100980
Jacenta.Brieta@yopmail.com,Jacenta,Brieta,NB,1922-03-04,+3314647663,1 rue de la Paix,72987
Theodora.McNully@yopmail.com,Theodora,McNully,NB,1973-02-02,+3314722475,1 rue de la Paix,45534
Karlee.Schonfeld@yopmail.com,Karlee,Schonfeld,F,1959-12-22,+3321552876,1 rue de la Paix,4875
Laure.Philipp@yopmail.com,Laure,Philipp,F,1982-05-30,+3344386804,1 rue de la Paix,54263
Sue.Bebe@yopmail.com,Sue,Bebe,F,1954-02-04,+3352409904,1 rue de la Paix,38117
Celestyna.Dowski@yopmail.com,Celestyna,Dowski,F,1972-10-09,+3341881816,1 rue de la Paix,84211
Vere.Seagraves@yopmail.com,Vere,Seagraves,F,1949-05-04,+3387949115,1 rue de la Paix,92444
Dale.Lindemann@yopmail.com,Dale,Lindemann,NB,1991-04-28,+3352780811,1 rue de la Paix,18379
Bertine.Ciapas@yopmail.com,Bertine,Ciapas,NONE,2004-10-25,+3372541859,1 rue de la Paix,12590
Farrah.Killigrew@yopmail.com,Farrah,Killigrew,F,1967-01-06,+3361572844,1 rue de la Paix,85631
Rhoda.Meter@yopmail.com,Rhoda,Meter,F,1981-04-15,+3390862777,1 rue de la Paix,25713
Lolita.Dahlia@yopmail.com,Lolita,Dahlia,NONE,1923-10-22,+3317103149,1 rue de la Paix,23668
Mathilda.Anton@yopmail.com,Mathilda,Anton,F,1982-10-30,+3300784217,1 rue de la Paix,8189
Abbie.Macey@yopmail.com,Abbie,Macey,NONE,1964-08-20,+3371873361,1 rue de la Paix,36240
Ginnie.Ackerley@yopmail.com,Ginnie,Ackerley,M,2003-08-04,+3395992334,1 rue de la Paix,41187
Hildegaard.Tannie@yopmail.com,Hildegaard,Tannie,NB,1930-07-14,+3335058704,1 rue de la Paix,27340
Jere.Henebry@yopmail.com,Jere,Henebry,NB,1940-05-28,+3319518920,1 rue de la Paix,15424
Sandie.Neils@yopmail.com,Sandie,Neils,M,1987-04-15,+3341635407,1 rue de la Paix,3321
Eolanda.Lemuela@yopmail.com,Eolanda,Lemuela,NB,1967-06-15,+3373970086,1 rue de la Paix,13038
Karina.Durware@yopmail.com,Karina,Durware,F,1923-12-16,+3366603464,1 rue de la Paix,49562
Dennie.Elvyn@yopmail.com,Dennie,Elvyn,M,1955-08-09,+3399864273,1 rue de la Paix,66970
Jenda.Kauppi@yopmail.com,Jenda,Kauppi,M,1940-04-22,+3384072364,1 rue de la Paix,54916
Laure.Cookie@yopmail.com,Laure,Cookie,M,1973-08-16,+3329910218,1 rue de la Paix,93959
Nelle.Lutero@yopmail.com,Nelle,Lutero,NB,1980-07-23,+3381098640,1 rue de la Paix,39150
Lindie.Bergman@yopmail.com,Lindie,Bergman,M,1943-03-16,+3357822292,1 rue de la Paix,45461
Siana.Billye@yopmail.com,Siana,Billye,NB,1962-06-01,+3375523084,1 rue de la Paix,99499
Justinn.Aurelio@yopmail.com,Justinn,Aurelio,NB,1950-03-04,+3373814161,1 rue de la Paix,21774
Oona.August@yopmail.com,Oona,August,NONE,1935-06-28,+3398900117,1 rue de la Paix,21921
Chere.Hirsch@yopmail.com,Chere,Hirsch,NB,1979-10-12,+3317011779,1 rue de la Paix,51756
Norine.Arathorn@yopmail.com,Norine,Arathorn,NB,1939-12-07,+3332280822,1 rue de la Paix,63251
Hayley.Crudden@yopmail.com,Hayley,Crudden,M,1977-05-21,+3312818604,1 rue de la Paix,60494
Emmey.Ulphia@yopmail.com,Emmey,Ulphia,F,1951-12-03,+3391432004,1 rue de la Paix,38912
Rubie.Kevon@yopmail.com,Rubie,Kevon,F,1931-01-03,+3389869038,1 rue de la Paix,95398
Lynde.Goerke@yopmail.com,Lynde,Goerke,NB,2002-11-28,+3303544072,1 rue de la Paix,51761
Latisha.Ophelia@yopmail.com,Latisha,Ophelia,F,1975-04-28,+3374856302,1 rue de la Paix,87671
Shandie.Fink@yopmail.com,Shandie,Fink,M,2000-03-29,+3305973739,1 rue de la Paix,47166
Kenna.Yerkovich@yopmail.com,Kenna,Yerkovich,M,1989-10-05,+3353800606,1 rue de la Paix,10857
Philis.Cookie@yopmail.com,Philis,Cookie,F,1946-11-09,+3358949337,1 rue de la Paix,57950
Jere.Cordi@yopmail.com,Jere,Cordi,NB,1925-01-15,+3306701928,1 rue de la Paix,38164
Calla.Prouty@yopmail.com,Calla,Prouty,F,2000-06-19,+3391007589,1 rue de la Paix,27713
Maisey.Goddard@yopmail.com,Maisey,Goddard,M,1920-10-06,+3352261152,1 rue de la Paix,42854
Harrietta.Rooney@yopmail.com,Harrietta,Rooney,NONE,1935-09-25,+3332902390,1 rue de la Paix,92263
Judy.Daniele@yopmail.com,Judy,Daniele,NB,1958-07-12,+3345592594,1 rue de la Paix,77149
Yvonne.Carleen@yopmail.com,Yvonne,Carleen,F,1993-11-06,+3311044926,1 rue de la Paix,98021
Oona.Carlson@yopmail.com,Oona,Carlson,M,1995-07-03,+3390241728,1 rue de la Paix,77900
Beatriz.Cressida@yopmail.com,Beatriz,Cressida,NB,1979-10-04,+3380032320,1 rue de la Paix,63761
Tierney.Trace@yopmail.com,Tierney,Trace,NONE,1921-04-02,+3393554108,1 rue de la Paix,52614
Rozele.Cassius@yopmail.com,Rozele,Cassius,M,1963-02-27,+3302067003,1 rue de la Paix,36084
Aurore.Demitria@yopmail.com,Aurore,Demitria,NONE,1928-03-30,+3316121607,1 rue de la Paix,110613
Mildrid.Zina@yopmail.com,Mildrid,Zina,NB,1943-01-22,+3363405643,1 rue de la Paix,7842
Magdalena.Hazlett@yopmail.com,Magdalena,Hazlett,NONE,1988-12-07,+3341405701,1 rue de la Paix,45272
Dale.Cornelia@yopmail.com,Dale,Cornelia,NB,1910-06-24,+3312442433,1 rue de la Paix,23658
Charissa.Schenck@yopmail.com,Charissa,Schenck,M,1978-03-09,+3342210536,1 rue de la Paix,82701
Rochette.Carvey@yopmail.com,Rochette,Carvey,NONE,1955-11-11,+3378386147,1 rue de la Paix,47369
Joeann.Lipson@yopmail.com,Joeann,Lipson,NONE,1992-08-01,+3301603893,1 rue de la Paix,78550
Jolyn.Thornburg@yopmail.com,Jolyn,Thornburg,NB,1949-05-02,+3396151106,1 rue de la Paix,12921
Chloris.Baudin@yopmail.com,Chloris,Baudin,F,1923-11-30,+3389888769,1 rue de la Paix,53644
Orelia.Love@yopmail.com,Orelia,Love,NB,1983-02-03,+3343314169,1 rue de la Paix,9712
Jere.Colyer@yopmail.com,Jere,Colyer,NONE,1913-12-23,+3314609082,1 rue de la Paix,94114
Rubie.Brady@yopmail.com,Rubie,Brady,NONE,1959-07-05,+3397900253,1 rue de la Paix,86213
Orsola.Mayeda@yopmail.com,Orsola,Mayeda,NB,1944-02-09,+3358119578,1 rue de la Paix,27120
Gabriellia.Decato@yopmail.com,Gabriellia,Decato,NONE,1976-06-18,+3313626622,1 rue de la Paix,65845
Delilah.Earlie@yopmail.com,Delilah,Earlie,NB,1951-02-24,+3374285408,1 rue de la Paix,11777
Ilse.Thilda@yopmail.com,Ilse,Thilda,F,1960-10-18,+3352286626,1 rue de la Paix,68478
Ariela.Gwenore@yopmail.com,Ariela,Gwenore,NB,2001-03-04,+3319499663,1 rue de la Paix,93136
Tersina.Raama@yopmail.com,Tersina,Raama,NONE,1954-10-28,+3360641076,1 rue de la Paix,85189
Courtnay.Pulsifer@yopmail.com,Courtnay,Pulsifer,F,1966-01-03,+3367542468,1 rue de la Paix,12276
Sherrie.Loeb@yopmail.com,Sherrie,Loeb,NB,1917-03-05,+3381625877,1 rue de la Paix,73095
Christian.Rheingold@yopmail.com,Christian,Rheingold,M,1985-09-24,+3366830561,1 rue de la Paix,11654
Antonietta.Bow@yopmail.com,Antonietta,Bow,NONE,1925-06-21,+3314648820,1 rue de la Paix,72257
Ingrid.Chem@yopmail.com,Ingrid,Chem,F,1912-05-03,+3361066842,1 rue de la Paix,25495
Rhea.Norrie@yopmail.com,Rhea,Norrie,F,1985-06-07,+3346202454,1 rue de la Paix,3162
Mureil.Emanuel@yopmail.com,Mureil,Emanuel,F,1973-11-30,+3301367163,1 rue de la Paix,42182
Lila.Abbot@yopmail.com,Lila,Abbot,NB,1969-04-23,+3379754390,1 rue de la Paix,74477
Elena.Kermit@yopmail.com,Elena,Kermit,NONE,1963-05-24,+3395569449,1 rue de la Paix,102228
Kimmy.Suzetta@yopmail.com,Kimmy,Suzetta,F,1944-12-11,+3339465830,1 rue de la Paix,60584
Marguerite.Anderea@yopmail.com,Marguerite,Anderea,NB,1915-05-26,+3303009119,1 rue de la Paix,50826
Aeriela.Autrey@yopmail.com,Aeriela,Autrey,M,1942-11-29,+3330105541,1 rue de la Paix,95527
Dode.Jefferey@yopmail.com,Dode,Jefferey,F,1917-01-09,+3385889948,1 rue de la Paix,73755
Frieda.Justinn@yopmail.com,Frieda,Justinn,M,1972-02-11,+3336683986,1 rue de la Paix,37703
Meg.Thilda@yopmail.com,Meg,Thilda,F,1969-03-02,+3302138884,1 rue de la Paix,85143
Hildegaard.Halla@yopmail.com,Hildegaard,Halla,NB,1976-06-27,+3388584844,1 rue de la Paix,15275
Jolyn.Meter@yopmail.com,Jolyn,Meter,NONE,1973-12-05,+3373554428,1 rue de la Paix,23710
Magdalena.Seumas@yopmail.com,Magdalena,Seumas,NONE,1981-07-14,+3319610927,1 rue de la Paix,8118
Imojean.Stover@yopmail.com,Imojean,Stover,NONE,1942-09-21,+3394781981,1 rue de la Paix,65534
Diena.Telfer@yopmail.com,Diena,Telfer,M,1961-08-03,+3352359984,1 rue de la Paix,92680
Juliane.Schenck@yopmail.com,Juliane,Schenck,NONE,1977-07-06,+3354455716,1 rue de la Paix,103830
Agnese.Richers@yopmail.com,Agnese,Richers,F,1949-05-16,+3339585299,1 rue de la Paix,10614
Elfreda.McGrody@yopmail.com,Elfreda,McGrody,F,2003-06-28,+3347178581,1 rue de la Paix,67634
Joceline.Rustice@yopmail.com,Joceline,Rustice,F,1945-09-06,+3357506001,1 rue de la Paix,69331
Nelle.Amethist@yopmail.com,Nelle,Amethist,M,1932-12-16,+3357855212,1 rue de la Paix,8511
Fanchon.Mintz@yopmail.com,Fanchon,Mintz,F,1991-05-03,+3397149893,1 rue de la Paix,75241
Lucy.Velick@yopmail.com,Lucy,Velick,F,1919-08-23,+3366281642,1 rue de la Paix,77795
Antonietta.Vary@yopmail.com,Antonietta,Vary,NB,1914-08-27,+3363300097,1 rue de la Paix,62539
Lily.Jalbert@yopmail.com,Lily,Jalbert,F,1928-02-12,+3356713746,1 rue de la Paix,49048
Steffane.Rozanna@yopmail.com,Steffane,Rozanna,M,1912-02-11,+3390670387,1 rue de la Paix,55132
Caritta.My@yopmail.com,Caritta,My,NB,1919-04-18,+3320074469,1 rue de la Paix,4866
Perry.Ciro@yopmail.com,Perry,Ciro,NB,1968-03-12,+3313274960,1 rue de la Paix,7274
Lindie.Helfand@yopmail.com,Lindie,Helfand,NONE,1917-07-11,+3313913521,1 rue de la Paix,20666
Daryl.Sparhawk@yopmail.com,Daryl,Sparhawk,F,1998-01-03,+3320684523,1 rue de la Paix,31181
Tami.Teryn@yopmail.com,Tami,Teryn,M,1972-08-23,+3357678802,1 rue de la Paix,49293
Elka.Loeb@yopmail.com,Elka,Loeb,NB,1931-04-14,+3366279140,1 rue de la Paix,75975
Reeba.Suk@yopmail.com,Reeba,Suk,F,1952-01-16,+3348515698,1 rue de la Paix,35983
Anestassia.Khorma@yopmail.com,Anestassia,Khorma,NONE,1935-09-21,+3359255152,1 rue de la Paix,74123
Leeanne.Heisel@yopmail.com,Leeanne,Heisel,NB,1997-12-19,+3311588580,1 rue de la Paix,14858
Fredericka.My@yopmail.com,Fredericka,My,NONE,1996-03-14,+3308356402,1 rue de la Paix,66192
Ronna.Hillel@yopmail.com,Ronna,Hillel,NB,1938-02-19,+3308501499,1 rue de la Paix,90910
Winifred.Toffic@yopmail.com,Winifred,Toffic,M,1998-04-16,+3324487832,1 rue de la Paix,83203
Allis.Albertine@yopmail.com,Allis,Albertine,NB,1948-12-13,+3354054331,1 rue de la Paix,8349
June.Willie@yopmail.com,June,Willie,M,1973-10-24,+3316425853,1 rue de la Paix,97983
Maurene.Kristi@yopmail.com,Maurene,Kristi,F,1952-02-01,+3329197864,1 rue de la Paix,13333
Thalia.Brotherson@yopmail.com,Thalia,Brotherson,F,1922-01-17,+3312604099,1 rue de la Paix,103473
Cristine.Emanuel@yopmail.com,Cristine,Emanuel,F,1990-08-12,+3390129239,1 rue de la Paix,47980
Theodora.Ambrosia@yopmail.com,Theodora,Ambrosia,F,1999-11-15,+3347303101,1 rue de la Paix,35607
Kittie.Pandolfi@yopmail.com,Kittie,Pandolfi,M,1974-04-01,+3314602877,1 rue de la Paix,12327
Nicoli.Jaylene@yopmail.com,Nicoli,Jaylene,NONE,1924-01-10,+3380042834,1 rue de la Paix,26751
Aurore.Hermes@yopmail.com,Aurore,Hermes,NB,1990-03-05,+3340353681,1 rue de la Paix,64970
Alejandra.Elephus@yopmail.com,Alejandra,Elephus,M,1976-06-20,+3374103066,1 rue de la Paix,54496
Feliza.Berl@yopmail.com,Feliza,Berl,NONE,1946-09-14,+3337765240,1 rue de la Paix,82902
Moyna.Meter@yopmail.com,Moyna,Meter,M,1999-01-22,+3355730440,1 rue de la Paix,64040
Anthia.Buttaro@yopmail.com,Anthia,Buttaro,M,1933-03-06,+3350722773,1 rue de la Paix,75699
Leia.Cecile@yopmail.com,Leia,Cecile,NB,1982-01-25,+3378312513,1 rue de la Paix,49062
Berta.Marisa@yopmail.com,Berta,Marisa,NB,1976-11-20,+3343853941,1 rue de la Paix,104328
zsa.Zuzana@yopmail.com,ZsaZsa,Zuzana,NONE,1951-06-20,+3328990577,1 rue de la Paix,10506
Agnese.Zuzana@yopmail.com,Agnese,Zuzana,NB,1936-11-07,+3319602041,1 rue de la Paix,71715
Marti.Linskey@yopmail.com,Marti,Linskey,M,1998-02-21,+3380926663,1 rue de la Paix,39186
Concettina.Tristram@yopmail.com,Concettina,Tristram,M,1949-10-15,+3314425373,1 rue de la Paix,97702
Britni.Caitlin@yopmail.com,Britni,Caitlin,NB,1987-12-06,+3305276883,1 rue de la Paix,39709
Emelina.Sperling@yopmail.com,Emelina,Sperling,M,1987-04-17,+3315923945,1 rue de la Paix,95887
Chickie.Dituri@yopmail.com,Chickie,Dituri,M,1930-10-29,+3395116659,1 rue de la Paix,18771
Gilligan.Johnsson@yopmail.com,Gilligan,Johnsson,F,1932-02-23,+3382417944,1 rue de la Paix,94984
Amara.Isidore@yopmail.com,Amara,Isidore,NONE,1959-03-17,+3354345955,1 rue de la Paix,33693
Riannon.Fiester@yopmail.com,Riannon,Fiester,M,1940-02-15,+3367548283,1 rue de la Paix,36039
Julieta.Darrell@yopmail.com,Julieta,Darrell,NB,1994-04-24,+3382632012,1 rue de la Paix,28931
Katharina.Edmund@yopmail.com,Katharina,Edmund,NONE,1951-04-02,+3364027728,1 rue de la Paix,77361
Jsandye.Adalbert@yopmail.com,Jsandye,Adalbert,NONE,1954-10-19,+3347314103,1 rue de la Paix,58706
Donnie.Matthew@yopmail.com,Donnie,Matthew,M,1974-07-24,+3378306030,1 rue de la Paix,2541
Cacilie.Fax@yopmail.com,Cacilie,Fax,M,2001-08-12,+3396171428,1 rue de la Paix,66495
Briney.Kellby@yopmail.com,Briney,Kellby,NB,1976-10-11,+3312516054,1 rue de la Paix,32262
Merry.Luhe@yopmail.com,Merry,Luhe,NB,1942-05-30,+3321947867,1 rue de la Paix,58995
Thalia.Clywd@yopmail.com,Thalia,Clywd,NB,1971-10-02,+3341082389,1 rue de la Paix,6217
Larine.Jethro@yopmail.com,Larine,Jethro,NONE,2001-09-06,+3382274307,1 rue de la Paix,80422
Carmela.Mintz@yopmail.com,Carmela,Mintz,NB,1935-02-08,+3399151653,1 rue de la Paix,65997
Celestyna.Kathie@yopmail.com,Celestyna,Kathie,NB,1987-02-03,+3359218840,1 rue de la Paix,98654
Camile.Fontana@yopmail.com,Camile,Fontana,F,1974-05-17,+3376992299,1 rue de la Paix,46330
Ezmeralda.Kaja@yopmail.com,Ezmeralda,Kaja,M,1919-10-31,+3313861751,1 rue de la Paix,96692
Alyssa.Miru@yopmail.com,Alyssa,Miru,F,1980-02-21,+3397119135,1 rue de la Paix,99995
Grier.Nadia@yopmail.com,Grier,Nadia,M,1930-10-30,+3341446131,1 rue de la Paix,28534
Starla.Eachern@yopmail.com,Starla,Eachern,M,1919-07-30,+3328541799,1 rue de la Paix,60012
Andeee.Gabrielli@yopmail.com,Andeee,Gabrielli,M,1988-06-01,+3354484316,1 rue de la Paix,74856
Collen.Annice@yopmail.com,Collen,Annice,NB,1955-02-23,+3369723138,1 rue de la Paix,49488
Queenie.Kalinda@yopmail.com,Queenie,Kalinda,NB,1960-01-25,+3315629062,1 rue de la Paix,85985
Gwyneth.Doig@yopmail.com,Gwyneth,Doig,F,1988-11-04,+3368893610,1 rue de la Paix,11667
Kellen.Konyn@yopmail.com,Kellen,Konyn,F,1998-08-14,+3395633686,1 rue de la Paix,91809
Juliane.Borrell@yopmail.com,Juliane,Borrell,NB,1998-03-21,+3342273615,1 rue de la Paix,39359
Aigneis.Uird@yopmail.com,Aigneis,Uird,NB,1957-04-14,+3399638917,1 rue de la Paix,99711
Debee.Lymann@yopmail.com,Debee,Lymann,F,1917-08-11,+3343171061,1 rue de la Paix,26545
Jeanna.Madaih@yopmail.com,Jeanna,Madaih,NB,1982-05-11,+3374538768,1 rue de la Paix,74935
Christian.Seligman@yopmail.com,Christian,Seligman,NONE,1941-05-26,+3382969155,1 rue de la Paix,46532
Nerta.Quent@yopmail.com,Nerta,Quent,M,1917-09-10,+3394850982,1 rue de la Paix,50105
Giustina.Macey@yopmail.com,Giustina,Macey,NONE,1950-08-28,+3353557912,1 rue de la Paix,25443
Inga.Ulphia@yopmail.com,Inga,Ulphia,M,1963-08-01,+3396513723,1 rue de la Paix,30276
Gui.Gusella@yopmail.com,Gui,Gusella,NONE,1956-08-11,+3393481979,1 rue de la Paix,63864
Emelina.Thar@yopmail.com,Emelina,Thar,F,1978-07-11,+3348694827,1 rue de la Paix,15361
Romona.Neva@yopmail.com,Romona,Neva,M,1996-02-02,+3352925648,1 rue de la Paix,37542
zsa.Randene@yopmail.com,zsa,Randene,M,1976-09-28,+3319366596,1 rue de la Paix,66616
Flo.Nerita@yopmail.com,Flo,Nerita,F,2002-10-22,+3310301080,1 rue de la Paix,82841
Genovera.Felizio@yopmail.com,Genovera,Felizio,M,1994-01-14,+3356418231,1 rue de la Paix,1608
Kial.Fancie@yopmail.com,Kial,Fancie,M,1984-08-04,+3323154146,1 rue de la Paix,5338
Ezmeralda.Valoniah@yopmail.com,Ezmeralda,Valoniah,F,1973-12-28,+3344504204,1 rue de la Paix,40143
Rozele.Thema@yopmail.com,Rozele,Thema,M,1987-12-18,+3370619679,1 rue de la Paix,40549
Caryl.Konyn@yopmail.com,Caryl,Konyn,NONE,1963-09-13,+3321655545,1 rue de la Paix,84039
Mathilda.Gillan@yopmail.com,Mathilda,Gillan,F,1913-10-22,+3374207749,1 rue de la Paix,42853
Mureil.Kelula@yopmail.com,Mureil,Kelula,M,1942-01-03,+3380460880,1 rue de la Paix,66098
Eadie.Faria@yopmail.com,Eadie,Faria,NONE,1916-05-09,+3342573521,1 rue de la Paix,93892
Grier.Desai@yopmail.com,Grier,Desai,NONE,1961-06-14,+3344196872,1 rue de la Paix,11057
Vere.Cutlerr@yopmail.com,Vere,Cutlerr,F,1982-07-21,+3363701485,1 rue de la Paix,79346
Sybille.Kesley@yopmail.com,Sybille,Kesley,F,1990-01-18,+3342356656,1 rue de la Paix,73640
Penelopa.Colbert@yopmail.com,Penelopa,Colbert,NONE,1922-10-07,+3335965167,1 rue de la Paix,6884
Candi.Seligman@yopmail.com,Candi,Seligman,NONE,1965-08-13,+3337549444,1 rue de la Paix,79044
Constance.Dash@yopmail.com,Constance,Dash,NONE,1994-08-09,+3385765006,1 rue de la Paix,20891
Marjie.Monk@yopmail.com,Marjie,Monk,NONE,1963-01-30,+3371954610,1 rue de la Paix,96512
Arlina.Hailee@yopmail.com,Arlina,Hailee,NONE,1991-05-07,+3354940837,1 rue de la Paix,55793
Darci.Gaulin@yopmail.com,Darci,Gaulin,NONE,1953-04-26,+3344105118,1 rue de la Paix,34816
Leona.Kamaria@yopmail.com,Leona,Kamaria,M,1913-11-29,+3357431991,1 rue de la Paix,20916
Danny.Jehu@yopmail.com,Danny,Jehu,NONE,1998-01-14,+3380220264,1 rue de la Paix,91900
Selia.Ortrude@yopmail.com,Selia,Ortrude,F,1969-07-04,+3304706716,1 rue de la Paix,35462
Elie.Kenwood@yopmail.com,Elie,Kenwood,F,2003-04-18,+3362294965,1 rue de la Paix,64392
Ursulina.Isacco@yopmail.com,Ursulina,Isacco,NONE,1984-01-31,+3305590523,1 rue de la Paix,35523
Aubrie.Screens@yopmail.com,Aubrie,Screens,NB,1943-04-01,+3393897592,1 rue de la Paix,74106
Teriann.Graig@yopmail.com,Teriann,Graig,F,1953-02-19,+3385926381,1 rue de la Paix,94968
Jillayne.Diogenes@yopmail.com,Jillayne,Diogenes,M,1912-11-03,+3386992678,1 rue de la Paix,38313
Alameda.Zetta@yopmail.com,Alameda,Zetta,NB,1956-11-01,+3304484672,1 rue de la Paix,81297
Ninnetta.Graig@yopmail.com,Ninnetta,Graig,NB,1958-04-02,+3313678898,1 rue de la Paix,61881
Valeda.Tamsky@yopmail.com,Valeda,Tamsky,NB,2003-02-08,+3379340727,1 rue de la Paix,29958
Emylee.Brackely@yopmail.com,Emylee,Brackely,M,1959-08-05,+3312781269,1 rue de la Paix,13916
Sue.Posner@yopmail.com,Sue,Posner,NB,1982-02-13,+3342904394,1 rue de la Paix,16116
Margette.Durante@yopmail.com,Margette,Durante,NB,1951-10-12,+3360667708,1 rue de la Paix,36374
Beatriz.Cimbura@yopmail.com,Beatriz,Cimbura,NONE,1944-07-08,+3353092869,1 rue de la Paix,96811
Lilith.Stilwell@yopmail.com,Lilith,Stilwell,M,1971-10-31,+3366641137,1 rue de la Paix,67936
Loree.Pierette@yopmail.com,Loree,Pierette,NB,1959-03-15,+3396787352,1 rue de la Paix,66995
Almeta.Laverne@yopmail.com,Almeta,Laverne,M,1969-11-17,+3344617955,1 rue de la Paix,47971
Beatriz.Lindemann@yopmail.com,Beatriz,Lindemann,F,1961-09-21,+3385895195,1 rue de la Paix,26234
Valeda.Holtz@yopmail.com,Valeda,Holtz,NB,1961-04-13,+3327500863,1 rue de la Paix,13635
Desirae.Seessel@yopmail.com,Desirae,Seessel,F,1939-06-27,+3343170012,1 rue de la Paix,36738
Sandie.Hunfredo@yopmail.com,Sandie,Hunfredo,NONE,1926-11-29,+3393146189,1 rue de la Paix,23645
Chickie.Hartnett@yopmail.com,Chickie,Hartnett,M,1997-09-23,+3304416858,1 rue de la Paix,68335
Roxane.Valerio@yopmail.com,Roxane,Valerio,NONE,1929-01-31,+3383807625,1 rue de la Paix,77120
Cathie.Kare@yopmail.com,Cathie,Kare,M,1913-10-01,+3351563873,1 rue de la Paix,38965
Ezmeralda.Chinua@yopmail.com,Ezmeralda,Chinua,F,1962-06-05,+3357103395,1 rue de la Paix,32740
Joy.Ioab@yopmail.com,Joy,Ioab,F,1958-01-01,+3308456508,1 rue de la Paix,102528
Aurelie.Remmer@yopmail.com,Aurelie,Remmer,NONE,1964-02-12,+3324017477,1 rue de la Paix,21252
Lolita.Kussell@yopmail.com,Lolita,Kussell,M,1929-08-04,+3384315918,1 rue de la Paix,93727
Elie.Pattin@yopmail.com,Elie,Pattin,NONE,1994-05-07,+3330917321,1 rue de la Paix,69868
Ida.Armanda@yopmail.com,Ida,Armanda,F,1988-10-27,+3324675766,1 rue de la Paix,13998
Vinita.Erskine@yopmail.com,Vinita,Erskine,F,1949-07-18,+3314747571,1 rue de la Paix,95729
Atlanta.Francene@yopmail.com,Atlanta,Francene,NB,2002-12-20,+3337562463,1 rue de la Paix,94429
Farrah.Thema@yopmail.com,Farrah,Thema,NONE,1968-06-05,+3368472231,1 rue de la Paix,79123
Liana.Reneta@yopmail.com,Liana,Reneta,F,1913-06-16,+3306138445,1 rue de la Paix,76909
Audrie.Koziara@yopmail.com,Audrie,Koziara,NB,1978-11-24,+3394519308,1 rue de la Paix,88029
Ardenia.Ethban@yopmail.com,Ardenia,Ethban,NONE,1914-03-02,+3339922337,1 rue de la Paix,44333
Liana.Arquit@yopmail.com,Liana,Arquit,F,1960-06-17,+3357137927,1 rue de la Paix,66041
Marcelline.Thunell@yopmail.com,Marcelline,Thunell,M,1958-03-08,+3318554863,1 rue de la Paix,82018
Janenna.Juan@yopmail.com,Janenna,Juan,NB,1969-06-24,+3324814278,1 rue de la Paix,45653
Susette.Yam@yopmail.com,Susette,Yam,F,1938-05-04,+3346670527,1 rue de la Paix,5939
Tarra.Pettiford@yopmail.com,Tarra,Pettiford,NB,1990-06-09,+3386637192,1 rue de la Paix,74107
Queenie.Ruvolo@yopmail.com,Queenie,Ruvolo,NONE,1950-02-10,+3319482974,1 rue de la Paix,65249
Lisette.Barney@yopmail.com,Lisette,Barney,F,1989-06-01,+3311590499,1 rue de la Paix,106280
Micheline.Georas@yopmail.com,Micheline,Georas,NONE,1910-02-26,+3338663668,1 rue de la Paix,35899
Roslyn.Melan@yopmail.com,Roslyn,Melan,NONE,2002-08-30,+3394378569,1 rue de la Paix,35985
Priscilla.Gregrory@yopmail.com,Priscilla,Gregrory,NB,1978-04-09,+3364677836,1 rue de la Paix,30617
Mildrid.Melan@yopmail.com,Mildrid,Melan,NONE,1960-05-09,+3394842089,1 rue de la Paix,23496
Tracey.Colyer@yopmail.com,Tracey,Colyer,M,1982-04-26,+3385207578,1 rue de la Paix,30313
Elise.Gaspard@yopmail.com,Elise,Gaspard,F,1921-04-29,+3309365298,1 rue de la Paix,91228
Kial.Caitlin@yopmail.com,Kial,Caitlin,M,1991-07-29,+3345035190,1 rue de la Paix,26238
Kaia.Krystle@yopmail.com,Kaia,Krystle,M,1930-07-16,+3388826996,1 rue de la Paix,80969
Queenie.Evvie@yopmail.com,Queenie,Evvie,F,1968-05-04,+3397635458,1 rue de la Paix,50775
Aigneis.Agle@yopmail.com,Aigneis,Agle,NB,2000-05-04,+3370442378,1 rue de la Paix,14886
Tybie.Simmonds@yopmail.com,Tybie,Simmonds,M,2002-12-18,+3321348964,1 rue de la Paix,7182
Tiffie.Rillings@yopmail.com,Tiffie,Rillings,M,1912-03-21,+3333999885,1 rue de la Paix,15159
Deloria.Johanna@yopmail.com,Deloria,Johanna,F,1954-11-25,+3330179042,1 rue de la Paix,29016
Mamie.Roxanna@yopmail.com,Mamie,Roxanna,M,1943-07-20,+3388821731,1 rue de la Paix,82379
Clementine.Angelis@yopmail.com,Clementine,Angelis,F,1966-01-16,+3322426070,1 rue de la Paix,20838
Dagmar.Kussell@yopmail.com,Dagmar,Kussell,NONE,1919-08-28,+3314860412,1 rue de la Paix,32361
Marleah.Johnsson@yopmail.com,Marleah,Johnsson,NONE,1971-04-25,+3308794067,1 rue de la Paix,89669
Kary.Kannry@yopmail.com,Kary,Kannry,NB,1973-04-22,+3327257289,1 rue de la Paix,19363
Orsola.Carbo@yopmail.com,Orsola,Carbo,F,1961-12-04,+3387089608,1 rue de la Paix,11557
Nanete.Melleta@yopmail.com,Nanete,Melleta,M,1920-07-10,+3344497815,1 rue de la Paix,89378
Kayla.Cimbura@yopmail.com,Kayla,Cimbura,NB,1930-10-21,+3324228084,1 rue de la Paix,96855
Gaylene.Bouchard@yopmail.com,Gaylene,Bouchard,F,2004-05-20,+3367506056,1 rue de la Paix,45629
Ida.Shirberg@yopmail.com,Ida,Shirberg,M,1926-05-11,+3380084346,1 rue de la Paix,98768
Celestyna.Bord@yopmail.com,Celestyna,Bord,F,2001-08-03,+3320565674,1 rue de la Paix,62327
Daune.Nisbet@yopmail.com,Daune,Nisbet,M,1914-03-31,+3329825356,1 rue de la Paix,5757
Brianna.Zamora@yopmail.com,Brianna,Zamora,NB,1947-09-05,+3399039014,1 rue de la Paix,38447
Lesly.Celestine@yopmail.com,Lesly,Celestine,F,1978-03-13,+3334437451,1 rue de la Paix,42287
Demetris.Hurley@yopmail.com,Demetris,Hurley,NB,1938-11-09,+3363898796,1 rue de la Paix,49724
Maridel.Naashom@yopmail.com,Maridel,Naashom,F,1959-11-16,+3339655717,1 rue de la Paix,56261
Mellicent.Waldron@yopmail.com,Mellicent,Waldron,F,1992-09-05,+3302645883,1 rue de la Paix,48344
Nelle.Wiener@yopmail.com,Nelle,Wiener,M,1925-07-03,+3373493419,1 rue de la Paix,33919
Valera.Alarise@yopmail.com,Valera,Alarise,NONE,1992-07-11,+3348774292,1 rue de la Paix,13675
Kamilah.Astra@yopmail.com,Kamilah,Astra,F,1967-05-21,+3362573804,1 rue de la Paix,25044
Alyda.Klotz@yopmail.com,Alyda,Klotz,NONE,1932-09-11,+3363833940,1 rue de la Paix,9335
Julieta.Narton@yopmail.com,Julieta,Narton,M,1951-05-28,+3353519326,1 rue de la Paix,74168
Talya.Belanger@yopmail.com,Talya,Belanger,F,1988-06-26,+3364721302,1 rue de la Paix,91196
Ardeen.Scammon@yopmail.com,Ardeen,Scammon,M,1914-01-14,+3333604172,1 rue de la Paix,46745
Babita.Johanna@yopmail.com,Babita,Johanna,NB,1966-09-28,+3374034975,1 rue de la Paix,16847
Lynea.Aprile@yopmail.com,Lynea,Aprile,NB,1982-03-31,+3363164021,1 rue de la Paix,52082
Dania.Santoro@yopmail.com,Dania,Santoro,F,1949-04-29,+3302046754,1 rue de la Paix,69681
Melina.Harriman@yopmail.com,Melina,Harriman,NONE,1918-03-07,+3304192574,1 rue de la Paix,82525
Lenna.Revkah@yopmail.com,Lenna,Revkah,NB,1945-10-04,+3305392091,1 rue de la Paix,67081
Priscilla.Xerxes@yopmail.com,Priscilla,Xerxes,M,1997-02-27,+3376409032,1 rue de la Paix,66852
Lucille.Bluh@yopmail.com,Lucille,Bluh,NB,1961-07-17,+3377346745,1 rue de la Paix,41204
Tilly.Cloris@yopmail.com,Tilly,Cloris,NB,1986-05-09,+3307673240,1 rue de la Paix,27115
Flo.Ovid@yopmail.com,Flo,Ovid,NB,1990-11-25,+3399921510,1 rue de la Paix,38434
Cindelyn.Sherrie@yopmail.com,Cindelyn,Sherrie,M,1981-09-27,+3311196492,1 rue de la Paix,40397
Ada.Sasnett@yopmail.com,Ada,Sasnett,F,1977-03-15,+3376138375,1 rue de la Paix,104402
Veda.Leopold@yopmail.com,Veda,Leopold,NB,1967-06-09,+3314384227,1 rue de la Paix,87119
Sara-Ann.Rona@yopmail.com,Sara-Ann,Rona,F,1977-08-02,+3359005281,1 rue de la Paix,18032
Clary.Mintz@yopmail.com,Clary,Mintz,NONE,1960-06-30,+3324458588,1 rue de la Paix,40301
Wileen.Brady@yopmail.com,Wileen,Brady,NONE,1954-08-25,+3336026431,1 rue de la Paix,55621
Perry.Serilda@yopmail.com,Perry,Serilda,NONE,1995-11-24,+3364202015,1 rue de la Paix,66301
Letizia.Evvie@yopmail.com,Letizia,Evvie,NB,1925-02-13,+3347247661,1 rue de la Paix,81235
Brianna.Bandeen@yopmail.com,Brianna,Bandeen,NB,1991-06-04,+3365611950,1 rue de la Paix,86402
Barbara.Rocray@yopmail.com,Barbara,Rocray,NONE,1927-02-03,+3344321872,1 rue de la Paix,54329
Debee.Erskine@yopmail.com,Debee,Erskine,NB,1999-07-28,+3318870781,1 rue de la Paix,15540
Alisha.Morgun@yopmail.com,Alisha,Morgun,F,1991-04-10,+3343847921,1 rue de la Paix,48738
Shaylyn.Alexandr@yopmail.com,Shaylyn,Alexandr,NONE,1922-12-25,+3382151169,1 rue de la Paix,85435
Ericka.Cleo@yopmail.com,Ericka,Cleo,M,1969-05-04,+3339637148,1 rue de la Paix,98089
Rubie.Wenoa@yopmail.com,Rubie,Wenoa,F,1962-09-12,+3340467622,1 rue de la Paix,79915
Collen.Allys@yopmail.com,Collen,Allys,M,1945-11-06,+3343594807,1 rue de la Paix,101430
Linet.Baudin@yopmail.com,Linet,Baudin,F,1940-03-23,+3389593706,1 rue de la Paix,69699
Perry.Ivens@yopmail.com,Perry,Ivens,NONE,1979-10-26,+3383879126,1 rue de la Paix,30214
Jennica.Sawtelle@yopmail.com,Jennica,Sawtelle,M,1921-10-04,+3379584393,1 rue de la Paix,15423
Philis.Melony@yopmail.com,Philis,Melony,F,1929-09-09,+3396155704,1 rue de la Paix,58610
Clarice.Astra@yopmail.com,Clarice,Astra,NONE,2000-07-01,+3387729356,1 rue de la Paix,73602
Fidelia.Codding@yopmail.com,Fidelia,Codding,F,1949-02-14,+3333104319,1 rue de la Paix,62192
Teriann.Dosia@yopmail.com,Teriann,Dosia,F,1919-09-22,+3386446079,1 rue de la Paix,82273
Orsola.Berard@yopmail.com,Orsola,Berard,F,1931-08-30,+3399304580,1 rue de la Paix,95267
Alameda.Rodmann@yopmail.com,Alameda,Rodmann,NONE,1988-10-31,+3344875890,1 rue de la Paix,96470
Violet.Sothena@yopmail.com,Violet,Sothena,NB,1953-02-26,+3367544777,1 rue de la Paix,46759
Oralee.Fiann@yopmail.com,Oralee,Fiann,M,1994-02-04,+3325424051,1 rue de la Paix,36401
Maisey.Mehalek@yopmail.com,Maisey,Mehalek,NONE,1989-08-02,+3340983327,1 rue de la Paix,93227
Felice.Daveta@yopmail.com,Felice,Daveta,NB,1934-04-27,+3396493094,1 rue de la Paix,92006
Melanie.Marsden@yopmail.com,Melanie,Marsden,M,1977-06-28,+3337067976,1 rue de la Paix,81794
Jessy.Schalles@yopmail.com,Jessy,Schalles,F,2004-03-04,+3380363600,1 rue de la Paix,18198
Rochette.Denis@yopmail.com,Rochette,Denis,NONE,1913-11-07,+3374305445,1 rue de la Paix,38457
Bettine.Nedrud@yopmail.com,Bettine,Nedrud,NONE,1940-01-03,+3354122244,1 rue de la Paix,46567
Stevana.Pillsbury@yopmail.com,Stevana,Pillsbury,F,1984-01-16,+3333025206,1 rue de la Paix,30934
Helena.Pettiford@yopmail.com,Helena,Pettiford,M,1924-08-13,+3323383912,1 rue de la Paix,11838
Sashenka.Hamil@yopmail.com,Sashenka,Hamil,NB,1914-08-01,+3351657853,1 rue de la Paix,52310
Ilse.Prouty@yopmail.com,Ilse,Prouty,NONE,1953-06-13,+3366157024,1 rue de la Paix,60922
Andree.Ariella@yopmail.com,Andree,Ariella,F,1959-06-11,+3389656179,1 rue de la Paix,43483
Gerrie.Philoo@yopmail.com,Gerrie,Philoo,F,1926-04-08,+3388112490,1 rue de la Paix,10883
Pamella.Karylin@yopmail.com,Pamella,Karylin,NB,1981-12-30,+3386598985,1 rue de la Paix,38327
Taffy.Madelene@yopmail.com,Taffy,Madelene,F,1976-01-30,+3364151991,1 rue de la Paix,67082
Natka.Mitzi@yopmail.com,Natka,Mitzi,F,1917-03-28,+3375792379,1 rue de la Paix,37793
Karena.Quent@yopmail.com,Karena,Quent,NONE,1967-07-03,+3360038450,1 rue de la Paix,45397
Ebonee.ONeill@yopmail.com,Ebonee,ONeill,NONE,1980-11-09,+3380540073,1 rue de la Paix,72234
Dede.Burkle@yopmail.com,Dede,Burkle,NB,1954-10-03,+3398119350,1 rue de la Paix,23518
Corly.Cimbura@yopmail.com,Corly,Cimbura,NB,1954-03-25,+3389012817,1 rue de la Paix,48503
Giustina.Pillsbury@yopmail.com,Giustina,Pillsbury,NONE,1912-04-24,+3301136968,1 rue de la Paix,94779
Althea.Sancho@yopmail.com,Althea,Sancho,M,1970-02-23,+3330004531,1 rue de la Paix,73004
Ira.Lorenz@yopmail.com,Ira,Lorenz,F,1916-02-07,+3382018290,1 rue de la Paix,92302
Sandie.Andrel@yopmail.com,Sandie,Andrel,M,1965-09-12,+3343522322,1 rue de la Paix,92721
Gisela.Philipp@yopmail.com,Gisela,Philipp,F,1924-11-18,+3342086841,1 rue de la Paix,65071
Constance.Alcott@yopmail.com,Constance,Alcott,NB,1925-08-11,+3324631037,1 rue de la Paix,53952
Ana.Wattenberg@yopmail.com,Ana,Wattenberg,F,1999-10-10,+3392390032,1 rue de la Paix,102816
Carlie.Wind@yopmail.com,Carlie,Wind,F,1991-05-07,+3311370903,1 rue de la Paix,48212
Trixi.Joseph@yopmail.com,Trixi,Joseph,M,1992-09-30,+3391140833,1 rue de la Paix,39644
Jessy.Faria@yopmail.com,Jessy,Faria,F,1980-03-12,+3334168951,1 rue de la Paix,70668
Robbi.Bertold@yopmail.com,Robbi,Bertold,NB,1972-03-06,+3379305974,1 rue de la Paix,89450
Nelle.Teddman@yopmail.com,Nelle,Teddman,F,1958-06-11,+3320215984,1 rue de la Paix,5727
Jolyn.Margret@yopmail.com,Jolyn,Margret,NB,1936-05-25,+3363601289,1 rue de la Paix,96952
Zondra.Belanger@yopmail.com,Zondra,Belanger,NONE,1922-10-13,+3361368824,1 rue de la Paix,106368
Cacilie.Cherianne@yopmail.com,Cacilie,Cherianne,M,1950-08-26,+3347265002,1 rue de la Paix,10176
Gerianna.Honoria@yopmail.com,Gerianna,Honoria,F,1916-04-27,+3389667571,1 rue de la Paix,50019
Gabriellia.Johanna@yopmail.com,Gabriellia,Johanna,NB,1920-03-23,+3387096541,1 rue de la Paix,38673
Korrie.LaRue@yopmail.com,Korrie,LaRue,F,1986-08-09,+3344455384,1 rue de la Paix,78708
Heddie.Roxanna@yopmail.com,Heddie,Roxanna,F,1963-03-18,+3366346073,1 rue de la Paix,92916
Cherrita.Carbo@yopmail.com,Cherrita,Carbo,M,1957-04-04,+3377155407,1 rue de la Paix,87881
Jennica.Wadell@yopmail.com,Jennica,Wadell,M,1938-11-05,+3374757933,1 rue de la Paix,37911
Miquela.Ashely@yopmail.com,Miquela,Ashely,NONE,1928-02-12,+3383046601,1 rue de la Paix,13547
Yvonne.Bibi@yopmail.com,Yvonne,Bibi,NB,1936-07-14,+3332218683,1 rue de la Paix,20426
Coral.Agle@yopmail.com,Coral,Agle,F,1948-06-24,+3367632083,1 rue de la Paix,63088
Sherrie.Neils@yopmail.com,Sherrie,Neils,NB,1924-12-19,+3321944918,1 rue de la Paix,29708
Pollyanna.Rustice@yopmail.com,Pollyanna,Rustice,NB,1969-12-04,+3305075440,1 rue de la Paix,19093
Gisela.Loleta@yopmail.com,Gisela,Loleta,F,1926-04-16,+3392719530,1 rue de la Paix,97103
Margette.Etom@yopmail.com,Margette,Etom,NONE,1990-12-31,+3357636003,1 rue de la Paix,16755
Christy.Sacken@yopmail.com,Christy,Sacken,NONE,1965-05-27,+3315492163,1 rue de la Paix,90369
Drucie.Ciro@yopmail.com,Drucie,Ciro,NB,1983-11-14,+3360366263,1 rue de la Paix,21531
Mary.Ochs@yopmail.com,Mary,Ochs,F,1945-12-22,+3370945663,1 rue de la Paix,91993
Hannis.Han@yopmail.com,Hannis,Han,F,1990-04-28,+3326816657,1 rue de la Paix,7528
Lonnie.Payson@yopmail.com,Lonnie,Payson,NONE,1938-10-27,+3306090939,1 rue de la Paix,55547
Gwenneth.Peonir@yopmail.com,Gwenneth,Peonir,NB,1938-12-04,+3385252486,1 rue de la Paix,5133
Katuscha.Kermit@yopmail.com,Katuscha,Kermit,NB,1940-01-17,+3365883822,1 rue de la Paix,60033
Cathyleen.Jacobah@yopmail.com,Cathyleen,Jacobah,NONE,1970-07-31,+3381637041,1 rue de la Paix,31950
Ulrike.Drisko@yopmail.com,Ulrike,Drisko,M,1944-11-26,+3329819985,1 rue de la Paix,30031
Cecile.Mendez@yopmail.com,Cecile,Mendez,M,1969-05-21,+3317963636,1 rue de la Paix,100830
Cam.Therine@yopmail.com,Cam,Therine,F,1948-03-05,+3348433530,1 rue de la Paix,95469
Stevana.Winthorpe@yopmail.com,Stevana,Winthorpe,NB,1978-07-22,+3385082430,1 rue de la Paix,87762
Neila.Carlson@yopmail.com,Neila,Carlson,NONE,1935-06-03,+3338190780,1 rue de la Paix,32804
Fayre.Albertine@yopmail.com,Fayre,Albertine,NB,1945-11-29,+3304147082,1 rue de la Paix,33168
Feliza.Sammons@yopmail.com,Feliza,Sammons,M,1911-02-28,+3364690827,1 rue de la Paix,95732
Agathe.Jalbert@yopmail.com,Agathe,Jalbert,NB,1972-04-30,+3392176118,1 rue de la Paix,38419
Binny.Penelopa@yopmail.com,Binny,Penelopa,NB,1978-02-19,+3393744347,1 rue de la Paix,58648
Melanie.Delp@yopmail.com,Melanie,Delp,F,1987-10-03,+3300890951,1 rue de la Paix,69236
Ricky.Hunfredo@yopmail.com,Ricky,Hunfredo,NB,1971-10-08,+3385868153,1 rue de la Paix,21447
Elena.Libna@yopmail.com,Elena,Libna,M,1944-01-24,+3363340967,1 rue de la Paix,71829
Alejandra.Vivle@yopmail.com,Alejandra,Vivle,NONE,1960-10-13,+3339982640,1 rue de la Paix,59394
Dorthy.Linehan@yopmail.com,Dorthy,Linehan,NONE,1956-11-22,+3398108212,1 rue de la Paix,46458
Maud.Phi@yopmail.com,Maud,Phi,NB,1924-04-18,+3399056655,1 rue de la Paix,7661
Adriana.Rebecka@yopmail.com,Adriana,Rebecka,NB,1985-04-18,+3322521334,1 rue de la Paix,80045
Marcy.Whittaker@yopmail.com,Marcy,Whittaker,F,1970-10-02,+3380554884,1 rue de la Paix,54446
Caressa.Newell@yopmail.com,Caressa,Newell,NONE,1942-06-16,+3339705548,1 rue de la Paix,83754
Cathyleen.Paine@yopmail.com,Cathyleen,Paine,NONE,1992-10-19,+3380146570,1 rue de la Paix,57265
Robbi.Maroney@yopmail.com,Robbi,Maroney,M,2002-09-11,+3330101469,1 rue de la Paix,42796
Alisha.Elo@yopmail.com,Alisha,Elo,NONE,1970-02-07,+3379294014,1 rue de la Paix,12929
Jacenta.Buckler@yopmail.com,Jacenta,Buckler,NB,1969-01-23,+3379183303,1 rue de la Paix,75186
Debee.Wilkinson@yopmail.com,Debee,Wilkinson,NB,1950-02-22,+3325453181,1 rue de la Paix,19415
Jean.Hachmin@yopmail.com,Jean,Hachmin,F,1933-10-20,+3342332011,1 rue de la Paix,55108
Cordi.Celestine@yopmail.com,Cordi,Celestine,M,1961-12-12,+3395412037,1 rue de la Paix,75471
Kaja.Mayeda@yopmail.com,Kaja,Mayeda,NONE,1969-04-12,+3340648160,1 rue de la Paix,94133
Sidoney.Malvino@yopmail.com,Sidoney,Malvino,M,1937-11-24,+3390142070,1 rue de la Paix,104105
Phedra.Greyson@yopmail.com,Phedra,Greyson,F,1913-03-01,+3375592739,1 rue de la Paix,88098
Kathy.Gaal@yopmail.com,Kathy,Gaal,NONE,1947-09-28,+3393475581,1 rue de la Paix,37376
Ernesta.Naashom@yopmail.com,Ernesta,Naashom,F,1913-01-28,+3390720504,1 rue de la Paix,97725
Talya.Ogren@yopmail.com,Talya,Ogren,NB,1997-08-26,+3302711559,1 rue de la Paix,70510
Jennica.Auberbach@yopmail.com,Jennica,Auberbach,NB,1942-05-04,+3363916312,1 rue de la Paix,90619
Kittie.Schalles@yopmail.com,Kittie,Schalles,NB,1978-07-14,+3356094362,1 rue de la Paix,71880
Emmey.Stefa@yopmail.com,Emmey,Stefa,F,1995-01-22,+3310512294,1 rue de la Paix,77302
Lucille.Stephie@yopmail.com,Lucille,Stephie,F,1985-10-26,+3391528411,1 rue de la Paix,85085
Hayley.Milde@yopmail.com,Hayley,Milde,NB,1983-02-12,+3304596027,1 rue de la Paix,34388
Max.Stuart@yopmail.com,Max,Stuart,NB,1967-08-03,+3315687049,1 rue de la Paix,60966
Susan.Vharat@yopmail.com,Susan,Vharat,F,1950-12-12,+3373781798,1 rue de la Paix,94045
Chloris.Himelman@yopmail.com,Chloris,Himelman,M,1933-06-25,+3391617235,1 rue de la Paix,64172
zsa.Monk@yopmail.com,zsa,Monk,NONE,1914-03-14,+3322138477,1 rue de la Paix,26004
Nerta.Ajay@yopmail.com,Nerta,Ajay,NONE,1916-08-29,+3348748809,1 rue de la Paix,71277
Clary.Naor@yopmail.com,Clary,Naor,F,1998-08-18,+3355001409,1 rue de la Paix,23828
Bettine.Stelle@yopmail.com,Bettine,Stelle,M,1995-01-22,+3357388236,1 rue de la Paix,3890
Jenda.Whittaker@yopmail.com,Jenda,Whittaker,NB,1995-01-17,+3358404313,1 rue de la Paix,8596
Lorie.Natica@yopmail.com,Lorie,Natica,NONE,1911-08-27,+3363145159,1 rue de la Paix,55187
Ayn.Suanne@yopmail.com,Ayn,Suanne,NB,1965-02-08,+3327679738,1 rue de la Paix,65730
Donetta.Hirsch@yopmail.com,Donetta,Hirsch,NB,1943-08-06,+3304681494,1 rue de la Paix,17895
Dania.Gaulin@yopmail.com,Dania,Gaulin,NB,1932-06-18,+3398541080,1 rue de la Paix,94768
Marinna.Delila@yopmail.com,Marinna,Delila,F,1998-03-23,+3318053698,1 rue de la Paix,43922
Jenda.Trinetta@yopmail.com,Jenda,Trinetta,NB,1973-02-13,+3363492969,1 rue de la Paix,85077
Tilly.Merell@yopmail.com,Tilly,Merell,F,1985-03-02,+3312457891,1 rue de la Paix,11278
Di.Buckler@yopmail.com,Di,Buckler,NB,1997-07-29,+3354048332,1 rue de la Paix,62248
Taffy.Ball@yopmail.com,Taffy,Ball,M,1962-06-10,+3399548449,1 rue de la Paix,65815
Esmeralda.ONeill@yopmail.com,Esmeralda,ONeill,F,1968-06-08,+3399818892,1 rue de la Paix,108765
Linzy.Ashok@yopmail.com,Linzy,Ashok,NONE,1952-03-20,+3367528152,1 rue de la Paix,31148
Elmira.Elisha@yopmail.com,Elmira,Elisha,NONE,1952-03-08,+3398864803,1 rue de la Paix,26961
Deedee.Goode@yopmail.com,Deedee,Goode,NB,1949-02-11,+3349627461,1 rue de la Paix,68388
Luci.Clywd@yopmail.com,Luci,Clywd,NB,1957-04-18,+3333108069,1 rue de la Paix,65448
Jackie.Artie@yopmail.com,Jackie,Artie,F,2001-05-20,+3399323522,1 rue de la Paix,65724
Alie.Elsinore@yopmail.com,Alie,Elsinore,NB,1957-05-31,+3398008250,1 rue de la Paix,75331
Agnese.Izaak@yopmail.com,Agnese,Izaak,F,1994-01-18,+3326117373,1 rue de la Paix,66058
Tilly.Wolfgram@yopmail.com,Tilly,Wolfgram,M,1972-05-04,+3327430544,1 rue de la Paix,83394
Rosanne.Stuart@yopmail.com,Rosanne,Stuart,NB,1995-07-02,+3359406504,1 rue de la Paix,6447
Hettie.Roscoe@yopmail.com,Hettie,Roscoe,NB,1974-02-25,+3359624092,1 rue de la Paix,13710
Betta.Schenck@yopmail.com,Betta,Schenck,NB,1971-12-08,+3314680469,1 rue de la Paix,94289
Sibella.Maiah@yopmail.com,Sibella,Maiah,F,1945-09-22,+3357905589,1 rue de la Paix,38988
Ezmeralda.Ailyn@yopmail.com,Ezmeralda,Ailyn,NB,2002-10-08,+3375854049,1 rue de la Paix,107231
Glenda.Christine@yopmail.com,Glenda,Christine,NB,1916-02-10,+3342901403,1 rue de la Paix,43412
Vere.Ackerley@yopmail.com,Vere,Ackerley,NB,1985-12-05,+3338782513,1 rue de la Paix,88075
Dione.Kress@yopmail.com,Dione,Kress,M,2002-12-29,+3321802796,1 rue de la Paix,46429
Laure.Terrence@yopmail.com,Laure,Terrence,NONE,1999-05-14,+3339621624,1 rue de la Paix,83585
Therine.Woodberry@yopmail.com,Therine,Woodberry,M,1984-05-29,+3340448002,1 rue de la Paix,28502
Livvyy.Valoniah@yopmail.com,Livvyy,Valoniah,M,1980-05-07,+3328792005,1 rue de la Paix,33555
Heddie.Kevon@yopmail.com,Heddie,Kevon,F,1999-05-08,+3332459037,1 rue de la Paix,36359
Vevay.Marsden@yopmail.com,Vevay,Marsden,NONE,1981-09-05,+3355012789,1 rue de la Paix,14121
Anestassia.Tiffa@yopmail.com,Anestassia,Tiffa,F,1982-10-30,+3367207409,1 rue de la Paix,81750
Ivett.Tippets@yopmail.com,Ivett,Tippets,M,1956-11-29,+3325312690,1 rue de la Paix,72344
Marleah.Denis@yopmail.com,Marleah,Denis,NONE,1914-04-24,+3318465977,1 rue de la Paix,100091
Beatriz.Ackerley@yopmail.com,Beatriz,Ackerley,F,1910-06-02,+3355143274,1 rue de la Paix,70954
Agnese.Clarissa@yopmail.com,Agnese,Clarissa,M,1976-05-03,+3334337636,1 rue de la Paix,61460
Christal.Dermott@yopmail.com,Christal,Dermott,M,1927-12-17,+3388046167,1 rue de la Paix,94936
Queenie.Elbertina@yopmail.com,Queenie,Elbertina,NB,1914-08-28,+3370249892,1 rue de la Paix,61891
Bobbi.Tayib@yopmail.com,Bobbi,Tayib,F,1989-01-06,+3354479396,1 rue de la Paix,22144
Cissiee.Stelle@yopmail.com,Cissiee,Stelle,NB,1979-05-03,+3305166233,1 rue de la Paix,94511
Mariele.Hepsibah@yopmail.com,Mariele,Hepsibah,NB,1961-04-22,+3342208606,1 rue de la Paix,20972
Margarette.Velick@yopmail.com,Margarette,Velick,F,1970-03-30,+3389492164,1 rue de la Paix,69917
Sue.Hertzfeld@yopmail.com,Sue,Hertzfeld,F,1976-02-08,+3381051474,1 rue de la Paix,10532
Nannie.Zrike@yopmail.com,Nannie,Zrike,M,1985-01-23,+3315901008,1 rue de la Paix,19311
Estell.Gaal@yopmail.com,Estell,Gaal,NB,1942-12-31,+3332085002,1 rue de la Paix,53708
Asia.Minetta@yopmail.com,Asia,Minetta,M,1952-01-22,+3319929236,1 rue de la Paix,28723
Margarette.Parsaye@yopmail.com,Margarette,Parsaye,M,1916-08-01,+3310350369,1 rue de la Paix,47824
Kalina.Wareing@yopmail.com,Kalina,Wareing,NONE,1949-09-21,+3349655809,1 rue de la Paix,81629
Philis.Weaks@yopmail.com,Philis,Weaks,M,1934-04-21,+3386026296,1 rue de la Paix,11478
Georgina.ORourke@yopmail.com,Georgina,ORourke,M,1937-07-15,+3352036812,1 rue de la Paix,79228
Liana.Eben@yopmail.com,Liana,Eben,NB,1978-11-17,+3370255072,1 rue de la Paix,65885
Cacilie.Blake@yopmail.com,Cacilie,Blake,M,1924-12-26,+3377604228,1 rue de la Paix,60702
Emilia.Holtz@yopmail.com,Emilia,Holtz,M,1999-07-20,+3388446458,1 rue de la Paix,32850
Valli.Gino@yopmail.com,Valli,Gino,M,1920-02-17,+3387633890,1 rue de la Paix,31519
Ada.Sasnett@yopmail.com,Ada,Sasnett,NONE,1995-11-27,+3331627653,1 rue de la Paix,33317
Libbie.Mendez@yopmail.com,Libbie,Mendez,F,1935-10-03,+3301316198,1 rue de la Paix,4953
Myrtice.Brieta@yopmail.com,Myrtice,Brieta,NONE,1961-01-13,+3326277194,1 rue de la Paix,40073
Julieta.Fabiola@yopmail.com,Julieta,Fabiola,NONE,1910-08-23,+3356792448,1 rue de la Paix,44830
Yvonne.Darbie@yopmail.com,Yvonne,Darbie,NB,1940-12-10,+3362146264,1 rue de la Paix,27655
Talya.Mandler@yopmail.com,Talya,Mandler,F,1985-10-25,+3391290388,1 rue de la Paix,46779
zsa.Fiester@yopmail.com,zsa,Fiester,NB,1979-03-09,+3342277810,1 rue de la Paix,43238
Starla.Vanni@yopmail.com,Starla,Vanni,NONE,1973-11-30,+3330920121,1 rue de la Paix,107979
Hildegaard.Lemuela@yopmail.com,Hildegaard,Lemuela,M,1947-01-05,+3305711766,1 rue de la Paix,98159
Ilse.Creamer@yopmail.com,Ilse,Creamer,M,2001-12-02,+3397298956,1 rue de la Paix,12833
Coral.Kellby@yopmail.com,Coral,Kellby,M,1992-07-26,+3361545953,1 rue de la Paix,38438
Nicoli.Sidonius@yopmail.com,Nicoli,Sidonius,F,1960-03-18,+3336011596,1 rue de la Paix,51962
Cyndie.Greyson@yopmail.com,Cyndie,Greyson,NB,1947-01-03,+3380986313,1 rue de la Paix,100917
Jemie.Burnside@yopmail.com,Jemie,Burnside,M,1979-05-05,+3360896634,1 rue de la Paix,56602
Jean.Doig@yopmail.com,Jean,Doig,M,1940-03-01,+3356357797,1 rue de la Paix,28096
Tiffie.Jacobah@yopmail.com,Tiffie,Jacobah,NB,1915-04-23,+3323936797,1 rue de la Paix,99964
Sonni.Faria@yopmail.com,Sonni,Faria,F,1951-10-27,+3341169282,1 rue de la Paix,44768
Rosabelle.Ball@yopmail.com,Rosabelle,Ball,F,1961-08-18,+3322087138,1 rue de la Paix,28487
Tabbatha.Martsen@yopmail.com,Tabbatha,Martsen,F,1976-05-02,+3301859933,1 rue de la Paix,47140
Ira.Freddi@yopmail.com,Ira,Freddi,NB,1928-10-02,+3347214229,1 rue de la Paix,17970
Daryl.Dorine@yopmail.com,Daryl,Dorine,NB,1963-02-28,+3324419130,1 rue de la Paix,94923
Beatriz.Michella@yopmail.com,Beatriz,Michella,M,1913-06-06,+3370741390,1 rue de la Paix,29986
Caressa.Grobe@yopmail.com,Caressa,Grobe,F,1989-06-25,+3368712629,1 rue de la Paix,74760
Selia.Hirsch@yopmail.com,Selia,Hirsch,F,1928-12-22,+3348888706,1 rue de la Paix,61314
Bernie.Fiester@yopmail.com,Bernie,Fiester,F,1962-09-06,+3349927144,1 rue de la Paix,64180
Verla.Brackely@yopmail.com,Verla,Brackely,M,1999-04-28,+3395331750,1 rue de la Paix,82427
Kaja.Felecia@yopmail.com,Kaja,Felecia,NB,1971-12-05,+3380353255,1 rue de la Paix,80799
Violet.Iiette@yopmail.com,Violet,Iiette,NONE,1968-09-03,+3309285476,1 rue de la Paix,46118
Jerry.Riordan@yopmail.com,Jerry,Riordan,NB,1986-03-20,+3324153302,1 rue de la Paix,105196
Damaris.Henebry@yopmail.com,Damaris,Henebry,NB,1957-09-13,+3382812799,1 rue de la Paix,36918
Annabela.Alfons@yopmail.com,Annabela,Alfons,F,1955-07-25,+3362984882,1 rue de la Paix,30066
Belinda.Albertine@yopmail.com,Belinda,Albertine,M,1932-08-19,+3310897742,1 rue de la Paix,51157
Fidelia.Janene@yopmail.com,Fidelia,Janene,NONE,1980-01-18,+3373304766,1 rue de la Paix,33498
Sandie.Chandler@yopmail.com,Sandie,Chandler,NB,1958-07-18,+3395699610,1 rue de la Paix,61657
Mellicent.Sperling@yopmail.com,Mellicent,Sperling,NONE,1981-11-07,+3395182503,1 rue de la Paix,98683
Lindie.Maiah@yopmail.com,Lindie,Maiah,F,1987-11-18,+3337325962,1 rue de la Paix,72479
Jacquetta.Means@yopmail.com,Jacquetta,Means,NB,1941-05-13,+3324220953,1 rue de la Paix,87044
Myriam.Philoo@yopmail.com,Myriam,Philoo,M,2000-12-17,+3353342401,1 rue de la Paix,58653
Annabela.Raseda@yopmail.com,Annabela,Raseda,M,1967-05-27,+3342207017,1 rue de la Paix,34246
Merry.Shirberg@yopmail.com,Merry,Shirberg,NONE,1992-03-07,+3384962873,1 rue de la Paix,54634
Odessa.My@yopmail.com,Odessa,My,NB,1960-07-20,+3325454002,1 rue de la Paix,33978
Viki.Evvie@yopmail.com,Viki,Evvie,NB,1952-03-31,+3366805312,1 rue de la Paix,78488
Chandra.Ivens@yopmail.com,Chandra,Ivens,M,1953-08-31,+3345697135,1 rue de la Paix,95375
Micheline.Stacy@yopmail.com,Micheline,Stacy,F,1950-09-07,+3303127428,1 rue de la Paix,3744
Nannie.Waldron@yopmail.com,Nannie,Waldron,NONE,1972-12-01,+3322790009,1 rue de la Paix,12227
Cristabel.Joachim@yopmail.com,Cristabel,Joachim,NB,1922-12-13,+3350360126,1 rue de la Paix,49552
Bibby.Bouchard@yopmail.com,Bibby,Bouchard,NONE,1970-11-05,+3393002416,1 rue de la Paix,32103
Micheline.Odell@yopmail.com,Micheline,Odell,M,2003-04-28,+3316084061,1 rue de la Paix,56525
Cherilyn.Beebe@yopmail.com,Cherilyn,Beebe,NB,2001-02-18,+3392275309,1 rue de la Paix,12904
Glenda.Saint@yopmail.com,Glenda,Saint,NB,1927-10-29,+3388625219,1 rue de la Paix,94141
Melanie.Judye@yopmail.com,Melanie,Judye,M,1923-06-18,+3304368082,1 rue de la Paix,95900
Philis.Fiester@yopmail.com,Philis,Fiester,M,1931-09-11,+3375216528,1 rue de la Paix,21489
Jan.Krystle@yopmail.com,Jan,Krystle,NB,1929-01-09,+3334065545,1 rue de la Paix,51207
Blake.Laurianne@yopmail.com,Blake,Laurianne,NB,1957-12-24,+3399945051,1 rue de la Paix,28023
